sim_time,avg_speed,z1,z2,z3,cars_z1,cars_z2,cars_z3,total_cars,q_len_m
5.000,35.00,35.0,35.0,35.0,0,0,0,0,0.00
6.000,35.00,35.0,35.0,35.0,0,0,0,0,0.00
7.000,38.00,39.6,38.0,36.4,1,1,1,3,0.00
8.000,36.50,35.1,38.0,36.4,1,1,1,3,0.00
9.000,35.00,34.4,33.3,37.3,2,1,1,4,0.00
10.000,35.83,34.0,34.7,38.8,3,1,1,5,0.00
11.000,34.38,33.6,34.6,35.0,3,2,0,5,0.00
12.000,34.81,33.6,33.2,37.6,3,1,1,5,0.00
13.000,35.65,33.4,34.4,39.2,3,1,1,5,0.00
14.000,34.16,33.2,34.3,35.0,2,2,0,4,0.00
15.000,34.43,33.5,32.6,37.3,3,1,1,5,0.00
16.000,35.98,33.7,34.9,39.3,3,1,1,5,0.00
17.000,34.41,33.5,34.8,35.0,2,2,0,4,0.00
18.000,35.02,33.7,33.4,37.9,3,1,1,5,0.00
19.000,35.07,33.3,34.5,37.4,3,1,1,5,0.00
20.000,34.23,33.0,34.7,35.0,2,2,0,4,0.00
21.000,34.43,34.3,33.0,36.0,3,1,1,5,0.00
22.000,34.31,34.0,34.0,34.9,3,1,1,5,0.00
23.000,34.19,33.8,33.7,35.0,2,2,0,4,0.00
24.000,35.57,34.0,34.0,38.7,3,1,2,6,0.00
25.000,34.32,33.6,34.5,34.9,3,1,1,5,0.00
26.000,34.28,33.9,33.9,35.0,2,2,0,4,0.00
27.000,35.27,34.4,33.4,38.0,3,1,1,5,0.00
28.000,36.23,34.0,34.8,39.9,3,1,1,5,0.00
29.000,34.45,33.6,34.7,35.0,2,2,0,4,0.00
30.000,34.97,34.6,32.5,37.7,3,1,1,5,0.00
31.000,34.64,34.2,34.4,35.3,3,1,1,5,0.00
32.000,34.30,34.0,33.9,35.0,2,2,0,4,0.00
33.000,35.04,34.4,33.6,37.1,3,1,1,5,0.00
34.000,35.85,33.9,34.8,38.9,3,1,1,5,0.00
35.000,34.35,33.5,34.5,35.0,2,2,0,4,0.00
36.000,35.01,33.9,33.6,37.5,3,1,1,5,0.00
37.000,34.35,33.8,34.5,34.8,3,1,1,5,0.00
38.000,34.18,34.0,33.6,35.0,2,2,0,4,0.00
39.000,34.06,34.2,32.3,35.7,3,1,1,5,0.00
40.000,35.26,33.6,34.9,37.2,3,1,1,5,0.00
41.000,34.51,33.9,34.6,35.0,2,2,0,4,0.00
42.000,35.24,33.9,32.8,39.0,3,1,2,6,0.00
43.000,34.37,33.6,34.8,34.7,3,1,1,5,0.00
44.000,34.31,33.8,34.1,35.0,2,2,0,4,0.00
45.000,34.87,34.3,33.5,36.8,3,1,1,5,0.00
46.000,35.94,33.7,34.7,39.5,3,1,1,5,0.00
47.000,34.53,33.7,34.9,35.0,2,2,0,4,0.00
48.000,34.96,34.3,33.3,37.4,3,1,1,5,0.00
49.000,35.03,33.9,34.6,36.6,3,1,1,5,0.00
50.000,34.03,33.4,33.7,35.0,2,2,0,4,0.00
51.000,35.01,33.9,33.0,38.0,3,1,2,6,0.00
52.000,34.56,33.4,34.9,35.3,3,1,1,5,0.00
53.000,34.09,33.5,33.8,35.0,2,2,0,4,0.00
54.000,34.17,33.6,32.7,36.3,3,1,1,5,0.00
55.000,34.14,33.2,33.8,35.4,3,1,1,5,0.00
56.000,34.74,34.0,34.7,35.4,2,1,1,4,0.00
57.000,35.47,34.4,34.1,37.9,3,1,2,6,0.00
58.000,34.39,34.1,34.8,34.2,3,1,1,5,0.00
59.000,34.18,34.0,33.6,35.0,2,2,0,4,0.00
60.000,34.84,33.9,33.4,37.2,3,1,1,5,0.00
61.000,36.04,34.3,34.7,39.1,3,1,1,5,0.00
62.000,34.48,34.1,34.4,35.0,2,2,0,4,0.00
63.000,34.38,33.9,32.3,36.9,3,1,1,5,0.00
64.000,35.67,33.7,33.8,39.6,3,1,1,5,0.00
65.000,34.37,33.5,34.6,35.0,2,2,0,4,0.00
66.000,35.03,34.2,32.1,38.7,3,1,2,6,0.00
67.000,34.44,33.7,34.6,35.0,3,1,1,5,0.00
68.000,34.20,33.6,34.0,35.0,2,2,0,4,0.00
69.000,34.98,34.0,32.9,38.0,3,1,2,6,0.00
70.000,34.51,33.5,34.6,35.4,3,1,1,5,0.00
71.000,34.16,33.7,33.8,35.0,2,2,0,4,0.00
72.000,33.99,33.9,32.3,35.8,3,1,1,5,0.00
73.000,34.36,33.7,34.9,34.5,3,1,1,5,0.00
74.000,34.34,33.8,34.7,34.5,2,1,1,4,0.00
75.000,35.21,33.8,33.7,38.2,3,1,2,6,0.00
76.000,34.37,33.4,34.6,35.1,3,1,1,5,0.00
77.000,34.16,34.0,33.5,35.0,2,2,0,4,0.00
78.000,35.36,34.4,33.5,38.2,3,1,2,6,0.00
79.000,34.58,34.2,35.0,34.6,3,1,1,5,0.00
80.000,34.28,33.9,33.9,35.0,2,2,0,4,0.00
81.000,34.61,34.1,33.5,36.3,3,1,1,5,0.00
82.000,34.59,33.3,34.9,35.5,3,1,1,5,0.00
83.000,34.48,34.1,33.9,35.5,2,1,1,4,0.00
84.000,35.23,34.0,32.9,38.7,3,1,2,6,0.00
85.000,34.45,33.8,34.4,35.2,3,1,1,5,0.00
86.000,34.27,33.5,34.3,35.0,2,2,0,4,0.00
87.000,34.85,34.2,33.7,36.7,3,1,1,5,0.00
88.000,34.67,33.7,34.8,35.4,3,1,1,5,0.00
89.000,34.47,34.2,33.8,35.4,2,1,1,4,0.00
90.000,35.21,34.2,33.5,38.0,3,1,2,6,0.00
91.000,34.29,33.8,34.8,34.3,3,1,1,5,0.00
92.000,34.38,34.0,34.1,35.0,2,2,0,4,0.00
93.000,35.28,34.2,34.2,37.4,3,1,1,5,0.00
94.000,36.19,34.2,34.9,39.5,3,1,1,5,0.00
95.000,34.48,34.0,34.4,35.0,2,2,0,4,0.00
96.000,34.87,34.6,31.8,38.2,3,1,1,5,0.00
97.000,34.98,33.9,34.5,36.5,3,1,1,5,0.00
98.000,34.56,34.3,34.4,35.0,2,2,0,4,0.00
99.000,34.79,33.9,33.6,36.9,3,1,1,5,0.00
100.000,34.69,33.4,34.6,36.1,3,1,1,5,0.00
101.000,35.03,34.4,34.7,36.1,2,1,1,4,0.00
102.000,35.36,34.2,33.9,38.0,3,1,1,5,0.00
103.000,36.26,34.1,34.8,39.9,3,1,1,5,0.00
104.000,34.51,33.8,34.7,35.0,2,2,0,4,0.00
105.000,35.17,34.0,32.8,38.8,3,1,1,5,0.00
106.000,34.95,33.4,34.6,36.8,3,1,1,5,0.00
107.000,34.27,33.6,34.3,35.0,2,2,0,4,0.00
108.000,33.79,34.2,32.1,35.1,3,1,1,5,0.00
109.000,35.27,33.8,34.8,37.3,3,1,1,5,0.00
110.000,34.60,34.3,34.5,35.0,2,2,0,4,0.00
111.000,35.26,34.7,32.5,38.5,3,1,2,6,0.00
112.000,34.22,34.1,34.8,33.8,3,1,1,5,0.00
113.000,34.52,33.8,34.8,35.0,2,2,0,4,0.00
114.000,34.97,33.4,34.3,37.2,3,1,1,5,0.00
115.000,34.60,33.3,34.4,36.1,3,1,1,5,0.00
116.000,34.54,33.8,33.7,36.1,2,1,1,4,0.00
117.000,35.04,33.9,32.8,38.4,3,1,2,6,0.00
118.000,34.46,34.0,34.7,34.7,3,1,1,5,0.00
119.000,34.10,33.6,33.7,35.0,2,2,0,4,0.00
120.000,34.89,34.0,33.4,37.2,3,1,1,5,0.00
121.000,36.24,33.8,35.0,40.0,3,1,1,5,0.00
122.000,34.62,34.0,34.8,35.0,2,2,0,4,0.00
123.000,34.61,33.8,32.2,37.9,3,1,1,5,0.00
124.000,34.32,33.3,34.8,34.9,3,1,1,5,0.00
125.000,34.09,33.5,33.7,35.0,2,2,0,4,0.00
126.000,34.81,33.8,33.5,37.1,3,1,1,5,0.00
127.000,34.23,33.6,34.5,34.6,3,1,1,5,0.00
128.000,34.06,33.6,34.0,34.6,2,1,1,4,0.00
129.000,35.04,34.5,33.3,37.4,3,1,1,5,0.00
130.000,36.24,34.4,34.7,39.6,3,1,1,5,0.00
131.000,34.57,33.9,34.8,35.0,2,2,0,4,0.00
132.000,35.05,34.0,32.9,38.3,3,1,1,5,0.00
133.000,34.79,33.3,33.8,37.3,3,1,1,5,0.00
134.000,34.03,33.7,33.4,35.0,2,2,0,4,0.00
135.000,34.97,33.9,33.2,37.8,3,1,2,6,0.00
136.000,34.31,33.5,34.4,35.0,3,1,1,5,0.00
137.000,34.09,34.0,33.3,35.0,2,2,0,4,0.00
138.000,34.00,34.3,32.4,35.3,3,1,1,5,0.00
139.000,34.27,34.0,34.3,34.5,3,1,1,5,0.00
140.000,34.02,33.4,34.1,34.5,2,1,1,4,0.00
141.000,34.13,33.9,33.2,35.3,3,1,2,6,0.00
142.000,34.71,33.8,35.0,35.3,3,0,2,5,0.00
143.000,34.54,34.4,34.3,35.0,2,2,0,4,0.00
144.000,35.70,34.5,34.0,38.6,3,1,2,6,0.00
145.000,35.81,33.9,35.0,38.6,3,0,2,5,0.00
146.000,34.10,33.5,33.8,35.0,2,2,0,4,0.00
147.000,34.40,34.1,33.3,35.8,3,1,1,5,0.00
148.000,34.47,33.7,34.8,34.9,3,1,1,5,0.00
149.000,34.51,33.8,34.9,34.9,2,1,1,4,0.00
150.000,35.22,34.4,33.6,37.6,3,1,2,6,0.00
151.000,34.46,34.0,34.7,34.7,3,1,1,5,0.00
152.000,34.30,33.9,34.0,35.0,2,2,0,4,0.00
153.000,34.19,33.7,32.6,36.3,3,1,1,5,0.00
154.000,34.29,33.7,34.2,34.9,3,1,1,5,0.00
155.000,34.20,33.6,34.0,35.0,2,2,0,4,0.00
156.000,35.17,34.0,33.7,37.9,3,1,2,6,0.00
157.000,34.29,33.8,34.8,34.2,3,1,1,5,0.00
158.000,34.19,33.7,33.9,35.0,2,2,0,4,0.00
159.000,34.82,33.6,32.9,38.0,3,1,2,6,0.00
160.000,34.41,33.3,34.9,35.0,3,1,1,5,0.00
161.000,34.30,34.2,33.7,35.0,2,2,0,4,0.00
162.000,35.22,34.6,33.3,37.9,3,1,2,6,0.00
163.000,34.46,33.8,34.4,35.2,3,1,1,5,0.00
164.000,33.84,33.2,33.3,35.0,2,2,0,4,0.00
165.000,34.63,34.0,32.9,37.0,3,1,2,6,0.00
166.000,34.33,33.7,34.6,34.7,3,1,1,5,0.00
167.000,34.35,34.2,33.8,35.0,2,2,0,4,0.00
168.000,35.10,34.0,33.5,37.8,3,1,2,6,0.00
169.000,34.18,33.4,34.7,34.4,3,1,1,5,0.00
170.000,34.21,33.4,34.3,35.0,2,2,0,4,0.00
171.000,35.17,34.2,34.0,37.4,3,1,1,5,0.00
172.000,34.79,33.7,34.6,36.0,3,1,1,5,0.00
173.000,34.88,34.0,34.7,36.0,2,1,1,4,0.00
174.000,34.56,34.1,33.3,36.2,3,1,1,5,0.00
175.000,34.54,33.8,34.6,35.2,3,1,1,5,0.00
176.000,34.67,34.1,34.7,35.2,2,1,1,4,0.00
177.000,35.31,34.2,33.9,37.9,3,1,2,6,0.00
178.000,34.32,33.6,34.8,34.6,3,1,1,5,0.00
179.000,34.49,34.2,34.3,35.0,2,2,0,4,0.00
180.000,34.81,33.9,33.2,37.3,3,1,1,5,0.00
181.000,35.95,34.2,34.9,38.8,3,1,1,5,0.00
182.000,34.64,34.4,34.5,35.0,2,2,0,4,0.00
183.000,34.99,34.3,33.3,37.4,3,1,1,5,0.00
184.000,35.82,33.2,35.0,39.3,3,1,1,5,0.00
185.000,34.20,32.9,34.7,35.0,2,2,0,4,0.00
186.000,35.10,34.0,33.3,38.0,3,1,1,5,0.00
187.000,35.28,33.4,35.0,37.4,3,1,1,5,0.00
188.000,34.42,33.8,34.5,35.0,2,2,0,4,0.00
189.000,35.23,34.0,32.5,39.2,3,1,1,5,0.00
190.000,35.55,33.8,34.9,38.0,3,1,1,5,0.00
191.000,33.50,31.8,33.7,35.0,2,2,0,4,0.00
192.000,33.09,29.8,32.2,37.3,3,1,2,6,0.00
193.000,32.66,28.5,34.7,34.8,3,1,1,5,0.00
194.000,32.06,29.1,32.1,35.0,3,2,0,5,0.00
195.000,32.67,30.4,29.7,38.0,3,1,2,6,0.00
196.000,34.35,30.1,35.0,38.0,3,0,2,5,0.00
197.000,33.27,31.3,33.5,35.0,3,2,0,5,0.00
198.000,33.29,32.0,30.3,37.6,3,1,2,6,0.00
199.000,34.86,32.0,35.0,37.6,3,0,2,5,0.00
200.000,33.57,33.1,32.6,35.0,3,2,0,5,0.00
201.000,34.21,33.5,32.4,36.8,3,1,1,5,0.00
202.000,35.73,33.2,34.7,39.3,3,1,1,5,0.00
203.000,34.09,32.9,34.4,35.0,2,2,0,4,0.00
204.000,34.75,33.3,32.5,38.4,3,1,2,6,0.00
205.000,34.28,33.6,34.5,34.8,3,1,1,5,0.00
206.000,34.27,33.9,33.9,35.0,2,2,0,4,0.00
207.000,34.96,33.8,33.6,37.5,3,1,1,5,0.00
208.000,35.76,33.5,34.6,39.2,3,1,1,5,0.00
209.000,34.20,33.3,34.3,35.0,2,2,0,4,0.00
210.000,34.52,34.1,32.4,37.1,3,1,1,5,0.00
211.000,35.96,34.0,34.6,39.3,3,1,1,5,0.00
212.000,34.39,33.9,34.3,35.0,2,2,0,4,0.00
213.000,34.97,34.3,32.6,38.0,3,1,1,5,0.00
214.000,35.94,34.0,34.4,39.5,3,1,1,5,0.00
215.000,34.47,33.9,34.5,35.0,2,2,0,4,0.00
216.000,34.48,34.1,32.5,36.8,3,1,1,5,0.00
217.000,35.70,33.6,33.9,39.6,3,1,1,5,0.00
218.000,34.37,33.4,34.7,35.0,2,2,0,4,0.00
219.000,34.95,33.7,32.4,38.8,3,1,2,6,0.00
220.000,34.35,33.3,34.4,35.4,3,1,1,5,0.00
221.000,34.14,33.9,33.5,35.0,2,2,0,4,0.00
222.000,34.04,33.9,32.7,35.5,3,1,1,5,0.00
223.000,34.90,33.5,34.4,36.8,3,1,1,5,0.00
224.000,34.54,34.0,34.6,35.0,2,2,0,4,0.00
225.000,34.64,34.0,32.3,37.6,3,1,2,6,0.00
226.000,34.73,33.9,34.9,35.4,3,1,1,5,0.00
227.000,33.94,33.2,33.6,35.0,2,2,0,4,0.00
228.000,34.83,33.9,32.5,38.1,3,1,2,6,0.00
229.000,34.54,33.9,34.9,34.9,3,1,1,5,0.00
230.000,34.30,34.0,33.9,35.0,2,2,0,4,0.00
231.000,35.40,34.2,33.5,38.5,3,1,2,6,0.00
232.000,34.59,33.9,34.6,35.3,3,1,1,5,0.00
233.000,34.16,34.1,33.4,35.0,2,2,0,4,0.00
234.000,34.00,34.3,32.2,35.5,3,1,1,5,0.00
235.000,34.84,33.3,34.4,36.8,3,1,1,5,0.00
236.000,34.36,33.5,34.6,35.0,2,2,0,4,0.00
237.000,34.63,34.1,32.4,37.3,3,1,2,6,0.00
238.000,34.56,34.1,34.6,34.9,3,1,1,5,0.00
239.000,34.42,34.4,33.9,35.0,2,2,0,4,0.00
240.000,34.84,34.0,32.9,37.7,3,1,2,6,0.00
241.000,34.34,33.4,34.8,34.8,3,1,1,5,0.00
242.000,34.27,33.5,34.3,35.0,2,2,0,4,0.00
243.000,34.98,33.7,33.4,37.8,3,1,2,6,0.00
244.000,34.26,33.2,34.9,34.7,3,1,1,5,0.00
245.000,34.21,33.6,34.1,35.0,2,2,0,4,0.00
246.000,35.18,33.6,33.5,38.4,3,1,2,6,0.00
247.000,34.35,33.6,34.5,35.0,3,1,1,5,0.00
248.000,34.05,33.5,33.7,35.0,2,2,0,4,0.00
249.000,34.91,34.0,32.9,37.8,3,1,1,5,0.00
250.000,35.74,33.7,34.4,39.1,3,1,1,5,0.00
251.000,34.36,33.4,34.7,35.0,2,2,0,4,0.00
252.000,35.08,33.9,33.4,38.0,3,1,1,5,0.00
253.000,34.42,33.7,34.5,35.1,3,1,1,5,0.00
254.000,34.31,33.7,34.2,35.0,2,2,0,4,0.00
255.000,34.46,34.4,33.1,35.8,3,1,1,5,0.00
256.000,35.16,34.1,34.6,36.8,3,1,1,5,0.00
257.000,35.15,34.2,34.4,36.8,2,1,1,4,0.00
258.000,34.13,34.6,31.8,36.0,3,1,2,6,0.00
259.000,34.04,34.2,34.9,33.0,3,1,1,5,0.00
260.000,34.29,34.2,33.7,35.0,2,2,0,4,0.00
261.000,35.24,34.1,33.2,38.4,3,1,2,6,0.00
262.000,34.19,33.4,34.7,34.5,3,1,1,5,0.00
263.000,34.28,33.8,34.1,35.0,2,2,0,4,0.00
264.000,34.41,34.0,33.3,35.9,3,1,1,5,0.00
265.000,34.20,33.6,34.3,34.7,3,1,1,5,0.00
266.000,34.41,33.9,34.7,34.7,2,1,1,4,0.00
267.000,35.54,33.7,34.1,38.8,3,1,2,6,0.00
268.000,34.51,33.6,34.9,35.1,3,1,1,5,0.00
269.000,34.02,33.5,33.5,35.0,2,2,0,4,0.00
270.000,34.77,33.7,33.5,37.1,3,1,1,5,0.00
271.000,35.76,33.4,34.8,39.1,3,1,1,5,0.00
272.000,34.43,34.0,34.3,35.0,2,2,0,4,0.00
273.000,34.77,34.1,32.8,37.4,3,1,1,5,0.00
274.000,34.85,33.7,34.1,36.7,3,1,1,5,0.00
275.000,34.03,33.4,33.6,35.0,2,2,0,4,0.00
276.000,34.92,33.8,33.2,37.9,3,1,1,5,0.00
277.000,36.11,33.7,34.8,39.8,3,1,1,5,0.00
278.000,34.59,34.0,34.7,35.0,2,2,0,4,0.00
279.000,35.03,34.1,33.0,38.0,3,1,1,5,0.00
280.000,35.71,33.4,34.9,38.8,3,1,1,5,0.00
281.000,34.33,33.5,34.4,35.0,2,2,0,4,0.00
282.000,34.76,33.9,33.0,37.4,3,1,1,5,0.00
283.000,35.93,33.8,34.7,39.3,3,1,1,5,0.00
284.000,34.58,34.2,34.6,35.0,2,2,0,4,0.00
285.000,34.78,34.3,32.6,37.4,3,1,1,5,0.00
286.000,35.44,33.5,34.9,38.0,3,1,1,5,0.00
287.000,34.38,33.5,34.7,35.0,2,2,0,4,0.00
288.000,34.17,34.1,32.6,35.8,3,1,1,5,0.00
289.000,35.45,33.8,34.9,37.6,3,1,1,5,0.00
290.000,34.64,34.3,34.6,35.0,2,2,0,4,0.00
291.000,34.52,34.6,33.0,36.0,3,1,1,5,0.00
292.000,34.22,33.3,34.3,35.0,3,1,1,5,0.00
293.000,34.14,33.9,33.5,35.0,2,2,0,4,0.00
294.000,34.40,34.2,32.9,36.1,3,1,1,5,0.00
295.000,34.07,33.8,34.1,34.4,3,1,1,5,0.00
296.000,34.09,33.4,34.5,34.4,2,1,1,4,0.00
297.000,34.49,34.1,33.5,35.9,3,1,1,5,0.00
298.000,34.24,33.4,34.9,34.4,3,1,1,5,0.00
299.000,34.46,34.0,34.9,34.4,2,1,1,4,0.00
300.000,35.29,33.9,34.2,37.8,3,1,2,6,0.00
301.000,34.58,33.9,34.9,34.9,3,1,1,5,0.00
302.000,34.41,34.5,33.7,35.0,2,2,0,4,0.00
303.000,35.25,34.5,33.2,38.1,3,1,2,6,0.00
304.000,34.24,34.2,33.9,34.7,3,1,1,5,0.00
305.000,34.09,34.3,33.0,35.0,2,2,0,4,0.00
306.000,34.09,34.2,32.5,35.5,3,1,1,5,0.00
307.000,34.27,34.0,35.0,33.8,3,1,1,5,0.00
308.000,34.05,33.4,34.9,33.8,2,1,1,4,0.00
309.000,35.22,34.0,34.4,37.2,3,1,2,6,0.00
310.000,34.11,33.8,34.6,33.9,3,1,1,5,0.00
311.000,34.26,33.9,33.9,35.0,2,2,0,4,0.00
312.000,34.27,33.8,32.6,36.4,3,1,1,5,0.00
313.000,34.44,33.8,34.1,35.5,3,1,1,5,0.00
314.000,34.65,34.0,34.5,35.5,2,1,1,4,0.00
315.000,35.19,34.4,33.3,37.9,3,1,2,6,0.00
316.000,34.38,34.2,34.7,34.2,3,1,1,5,0.00
317.000,34.29,33.8,34.1,35.0,2,2,0,4,0.00
318.000,34.93,34.1,33.4,37.3,3,1,1,5,0.00
319.000,36.09,34.0,34.5,39.8,3,1,1,5,0.00
320.000,34.63,34.0,34.8,35.0,2,2,0,4,0.00
321.000,35.02,34.3,33.0,37.7,3,1,1,5,0.00
322.000,34.92,33.7,34.6,36.5,3,1,1,5,0.00
323.000,34.16,33.9,33.6,35.0,2,2,0,4,0.00
324.000,34.59,34.2,33.5,36.0,3,1,1,5,0.00
325.000,35.26,33.7,34.7,37.4,3,1,1,5,0.00
326.000,34.47,33.8,34.7,35.0,2,2,0,4,0.00
327.000,35.59,34.5,32.9,39.4,3,1,1,5,0.00
328.000,35.71,34.2,34.9,38.1,3,1,1,5,0.00
329.000,34.17,33.5,34.0,35.0,2,2,0,4,0.00
330.000,34.51,33.7,33.4,36.5,3,1,1,5,0.00
331.000,35.22,33.3,34.5,37.8,3,1,1,5,0.00
332.000,34.42,33.6,34.7,35.0,2,2,0,4,0.00
333.000,35.42,34.4,32.7,39.2,3,1,1,5,0.00
334.000,35.51,34.1,34.7,37.7,3,1,1,5,0.00
335.000,34.45,34.3,34.0,35.0,2,2,0,4,0.00
336.000,34.48,33.8,32.8,36.8,3,1,1,5,0.00
337.000,35.38,33.7,34.5,37.9,3,1,1,5,0.00
338.000,34.54,33.8,34.8,35.0,2,2,0,4,0.00
339.000,34.38,34.3,32.8,36.0,3,1,1,5,0.00
340.000,35.13,33.9,34.6,36.9,3,1,1,5,0.00
341.000,34.37,33.9,34.2,35.0,2,2,0,4,0.00
342.000,33.58,34.1,31.8,34.8,3,1,1,5,0.00
343.000,33.83,33.5,34.8,33.2,3,1,1,5,0.00
344.000,33.67,33.5,34.3,33.2,2,1,1,4,0.00
345.000,35.19,33.7,33.8,38.1,3,1,2,6,0.00
346.000,34.25,33.6,34.4,34.7,3,1,1,5,0.00
347.000,34.19,33.7,33.9,35.0,2,2,0,4,0.00
348.000,34.91,34.2,32.7,37.8,3,1,2,6,0.00
349.000,34.37,33.9,34.5,34.7,3,1,1,5,0.00
350.000,34.28,34.3,33.6,35.0,2,2,0,4,0.00
351.000,34.77,34.0,33.0,37.4,3,1,2,6,0.00
352.000,34.27,33.8,34.8,34.1,3,1,1,5,0.00
353.000,34.26,34.2,33.6,35.0,2,2,0,4,0.00
354.000,35.30,34.0,33.3,38.6,3,1,2,6,0.00
355.000,34.64,33.9,35.0,35.0,3,1,1,5,0.00
356.000,34.49,33.9,34.6,35.0,2,2,0,4,0.00
357.000,35.05,34.1,34.0,37.0,3,1,1,5,0.00
358.000,34.36,33.8,33.9,35.3,3,1,1,5,0.00
359.000,34.39,34.0,33.8,35.3,2,1,1,4,0.00
360.000,34.91,33.9,33.2,37.6,3,1,2,6,0.00
361.000,34.11,33.9,34.4,34.0,3,1,1,5,0.00
362.000,34.44,34.3,34.1,35.0,2,2,0,4,0.00
363.000,34.80,33.8,34.4,36.2,3,1,1,5,0.00
364.000,34.95,33.3,34.5,37.0,3,1,1,5,0.00
365.000,34.55,33.9,34.7,35.0,2,2,0,4,0.00
366.000,35.64,34.2,32.8,39.9,3,1,2,6,0.00
367.000,34.82,33.7,35.4,35.3,3,1,1,5,0.00
368.000,34.34,33.7,34.3,35.0,2,2,0,4,0.00
369.000,35.18,34.1,33.8,37.6,3,1,1,5,0.00
370.000,36.09,33.9,34.5,39.9,3,1,1,5,0.00
371.000,34.51,33.3,35.2,35.0,2,2,0,4,0.00
372.000,34.84,33.9,33.5,37.2,3,1,1,5,0.00
373.000,35.99,33.6,34.7,39.7,3,1,1,5,0.00
374.000,34.43,33.5,34.8,35.0,2,2,0,4,0.00
375.000,34.98,34.2,33.0,37.7,3,1,1,5,0.00
376.000,36.13,33.8,34.7,39.9,3,1,1,5,0.00
377.000,34.35,33.4,34.7,35.0,2,2,0,4,0.00
378.000,34.44,33.8,31.6,38.0,3,1,1,5,0.00
379.000,34.83,33.2,34.3,37.0,3,1,1,5,0.00
380.000,34.14,33.5,33.9,35.0,2,2,0,4,0.00
381.000,34.65,34.2,34.3,35.5,3,1,1,5,0.00
382.000,33.98,33.8,34.0,34.1,3,1,1,5,0.00
383.000,34.30,33.9,34.9,34.1,2,1,1,4,0.00
384.000,34.82,34.1,34.2,36.1,3,1,1,5,0.00
385.000,34.79,34.3,35.0,35.1,3,1,1,5,0.00
386.000,34.54,34.5,34.0,35.1,2,1,1,4,0.00
387.000,35.08,34.4,33.2,37.7,3,1,2,6,0.00
388.000,34.31,33.3,34.6,35.0,3,1,1,5,0.00
389.000,34.01,33.2,33.9,35.0,2,2,0,4,0.00
390.000,34.91,34.1,33.3,37.3,3,1,1,5,0.00
391.000,36.23,33.9,34.9,39.8,3,1,1,5,0.00
392.000,34.72,34.3,34.9,35.0,2,2,0,4,0.00
393.000,35.07,34.2,33.3,37.7,3,1,1,5,0.00
394.000,35.81,33.7,35.0,38.8,3,1,1,5,0.00
395.000,34.50,33.9,34.6,35.0,2,2,0,4,0.00
396.000,35.08,33.8,33.7,37.8,3,1,1,5,0.00
397.000,34.27,33.3,34.7,34.8,3,1,1,5,0.00
398.000,34.09,33.3,34.0,35.0,2,2,0,4,0.00
399.000,34.59,34.1,34.2,35.4,3,1,1,5,0.00
400.000,35.45,33.6,34.7,38.0,3,1,1,5,0.00
401.000,34.54,34.0,34.6,35.0,2,2,0,4,0.00
402.000,35.13,34.5,32.4,38.4,3,1,2,6,0.00
403.000,34.52,33.8,35.3,34.4,3,1,1,5,0.00
404.000,34.47,34.1,34.3,35.0,2,2,0,4,0.00
405.000,35.34,34.0,34.1,38.0,3,1,1,5,0.00
406.000,36.09,33.8,34.7,39.8,3,1,1,5,0.00
407.000,34.57,34.1,34.6,35.0,2,2,0,4,0.00
408.000,35.07,34.1,32.4,38.7,3,1,1,5,0.00
409.000,35.21,33.4,34.6,37.6,3,1,1,5,0.00
410.000,34.57,34.0,34.7,35.0,2,2,0,4,0.00
411.000,35.60,34.4,32.8,39.6,3,1,1,5,0.00
412.000,35.97,34.1,35.1,38.7,3,1,1,5,0.00
413.000,34.64,34.3,34.6,35.0,2,2,0,4,0.00
414.000,35.03,34.1,33.6,37.4,3,1,1,5,0.00
415.000,34.72,33.6,34.1,36.5,3,1,1,5,0.00
416.000,34.06,33.4,33.8,35.0,2,2,0,4,0.00
417.000,34.48,34.2,34.3,34.9,3,1,1,5,0.00
418.000,33.91,34.1,34.7,33.0,3,1,1,5,0.00
419.000,33.68,33.9,34.2,33.0,2,1,1,4,0.00
420.000,35.01,34.0,32.8,38.2,3,1,2,6,0.00
421.000,34.84,34.4,34.9,35.3,3,1,1,5,0.00
422.000,34.23,34.3,33.4,35.0,2,2,0,4,0.00
423.000,34.75,34.5,32.2,37.5,3,1,2,6,0.00
424.000,35.39,33.7,35.0,37.5,3,0,2,5,0.00
425.000,34.47,34.2,34.2,35.0,2,2,0,4,0.00
426.000,34.80,34.3,33.6,36.5,3,1,1,5,0.00
427.000,35.31,33.8,34.9,37.2,3,1,1,5,0.00
428.000,34.41,33.7,34.5,35.0,2,2,0,4,0.00
429.000,35.35,34.0,32.5,39.6,3,1,2,6,0.00
430.000,34.69,33.8,35.3,34.9,3,1,1,5,0.00
431.000,34.40,33.9,34.3,35.0,2,2,0,4,0.00
432.000,34.66,33.9,33.2,36.9,3,1,1,5,0.00
433.000,34.69,33.4,34.6,36.1,3,1,1,5,0.00
434.000,34.87,34.4,34.2,36.1,2,1,1,4,0.00
435.000,34.86,34.2,33.5,36.9,3,1,2,6,0.00
436.000,34.30,34.0,35.0,34.0,3,1,1,5,0.00
437.000,34.48,33.9,34.5,35.0,2,2,0,4,0.00
438.000,34.82,34.0,34.1,36.4,3,1,1,5,0.00
439.000,35.19,33.8,34.6,37.2,3,1,1,5,0.00
440.000,34.33,33.3,34.7,35.0,2,2,0,4,0.00
441.000,35.00,34.0,32.6,38.4,3,1,2,6,0.00
442.000,34.10,33.3,34.9,34.1,3,1,1,5,0.00
443.000,34.34,33.8,34.2,35.0,2,2,0,4,0.00
444.000,35.02,33.7,34.4,36.9,3,1,1,5,0.00
445.000,34.46,33.3,34.9,35.1,3,1,1,5,0.00
446.000,34.58,34.5,34.1,35.1,2,1,1,4,0.00
447.000,35.20,34.0,33.1,38.5,3,1,2,6,0.00
448.000,34.58,33.7,34.7,35.3,3,1,1,5,0.00
449.000,34.19,33.9,33.7,35.0,2,2,0,4,0.00
450.000,34.24,33.9,33.2,35.6,3,1,1,5,0.00
451.000,35.22,33.7,34.7,37.2,3,1,1,5,0.00
452.000,34.60,34.1,34.7,35.0,2,2,0,4,0.00
453.000,34.05,34.2,32.5,35.4,3,1,1,5,0.00
454.000,35.36,34.2,34.8,37.1,3,1,1,5,0.00
455.000,34.71,34.4,34.8,35.0,2,2,0,4,0.00
456.000,34.22,34.1,32.8,35.8,3,1,1,5,0.00
457.000,35.31,33.7,34.7,37.5,3,1,1,5,0.00
458.000,34.58,34.1,34.6,35.0,2,2,0,4,0.00
459.000,35.65,34.4,32.7,39.8,3,1,1,5,0.00
460.000,35.90,33.6,35.3,38.8,3,1,1,5,0.00
461.000,34.17,33.1,34.4,35.0,2,2,0,4,0.00
462.000,34.82,33.8,33.5,37.1,3,1,1,5,0.00
463.000,36.10,33.6,34.7,39.9,3,1,1,5,0.00
464.000,34.59,34.1,34.7,35.0,2,2,0,4,0.00
465.000,35.16,33.8,32.6,39.1,3,1,1,5,0.00
466.000,34.98,33.3,34.8,36.8,3,1,1,5,0.00
467.000,34.26,33.5,34.3,35.0,2,2,0,4,0.00
468.000,34.54,34.3,33.3,36.0,3,1,1,5,0.00
469.000,34.27,33.9,34.3,34.6,3,1,1,5,0.00
470.000,34.25,34.1,33.7,35.0,2,2,0,4,0.00
471.000,35.22,34.2,33.4,38.0,3,1,2,6,0.00
472.000,34.31,34.2,34.1,34.6,3,1,1,5,0.00
473.000,34.20,33.8,33.8,35.0,2,2,0,4,0.00
474.000,35.07,34.1,33.0,38.1,3,1,2,6,0.00
475.000,34.57,33.7,34.8,35.2,3,1,1,5,0.00
476.000,34.05,33.6,33.5,35.0,2,2,0,4,0.00
477.000,34.83,34.0,32.8,37.7,3,1,2,6,0.00
478.000,34.67,33.6,34.9,35.4,3,1,1,5,0.00
479.000,34.09,33.7,33.6,35.0,2,2,0,4,0.00
480.000,34.94,33.5,33.3,37.9,3,1,2,6,0.00
481.000,33.99,33.6,34.5,33.9,3,1,1,5,0.00
482.000,33.98,33.4,33.5,35.0,2,2,0,4,0.00
483.000,34.39,34.0,33.7,35.5,3,1,1,5,0.00
484.000,35.39,34.4,34.7,37.2,3,1,1,5,0.00
485.000,34.61,34.0,34.8,35.0,2,2,0,4,0.00
486.000,34.68,34.1,32.8,37.2,3,1,2,6,0.00
487.000,34.24,33.5,34.6,34.6,3,1,1,5,0.00
488.000,33.90,33.3,33.4,35.0,2,2,0,4,0.00
489.000,35.18,34.2,33.0,38.3,3,1,2,6,0.00
490.000,34.54,34.4,34.5,34.8,3,1,1,5,0.00
491.000,34.23,34.4,33.3,35.0,2,2,0,4,0.00
492.000,34.61,33.8,33.2,36.8,3,1,1,5,0.00
493.000,36.12,33.8,34.9,39.6,3,1,1,5,0.00
494.000,34.53,34.0,34.6,35.0,2,2,0,4,0.00
495.000,34.97,34.0,32.4,38.5,3,1,2,6,0.00
496.000,34.07,33.3,34.3,34.6,3,1,1,5,0.00
497.000,34.34,34.2,33.8,35.0,2,2,0,4,0.00
498.000,34.79,34.3,33.1,37.0,3,1,1,5,0.00
499.000,35.78,33.4,34.6,39.3,3,1,1,5,0.00
500.000,34.28,33.5,34.4,35.0,2,2,0,4,0.00
501.000,34.78,34.3,32.5,37.5,3,1,1,5,0.00
502.000,34.82,33.9,34.0,36.5,3,1,1,5,0.00
503.000,33.98,33.4,33.6,35.0,2,2,0,4,0.00
504.000,34.23,33.9,33.3,35.5,3,1,1,5,0.00
505.000,35.25,33.7,34.6,37.5,3,1,1,5,0.00
506.000,34.43,33.6,34.7,35.0,2,2,0,4,0.00
507.000,34.28,34.1,32.8,35.9,3,1,1,5,0.00
508.000,34.29,34.2,34.8,33.8,3,1,1,5,0.00
509.000,34.06,33.3,33.9,35.0,2,2,0,4,0.00
510.000,34.30,33.8,32.5,36.6,3,1,1,5,0.00
511.000,34.24,33.6,34.3,34.8,3,1,1,5,0.00
512.000,34.47,33.7,34.9,34.8,2,1,1,4,0.00
513.000,34.96,34.3,33.2,37.3,3,1,2,6,0.00
514.000,34.37,33.8,34.7,34.6,3,1,1,5,0.00
515.000,34.00,33.3,33.7,35.0,2,2,0,4,0.00
516.000,34.97,33.9,33.9,37.2,3,1,2,6,0.00
517.000,34.49,33.8,35.0,34.7,3,1,1,5,0.00
518.000,33.96,33.5,33.4,35.0,2,2,0,4,0.00
519.000,35.20,33.9,33.2,38.5,3,1,2,6,0.00
520.000,34.77,34.1,34.8,35.3,3,1,1,5,0.00
521.000,34.25,34.0,33.8,35.0,2,2,0,4,0.00
522.000,35.28,33.7,33.4,38.8,3,1,2,6,0.00
523.000,34.59,33.3,35.0,35.5,3,1,1,5,0.00
524.000,34.28,33.7,34.1,35.0,2,2,0,4,0.00
525.000,34.91,34.3,33.4,37.0,3,1,1,5,0.00
526.000,36.09,34.1,34.6,39.6,3,1,1,5,0.00
527.000,34.45,33.9,34.4,35.0,2,2,0,4,0.00
528.000,34.81,33.8,32.6,38.1,3,1,2,6,0.00
529.000,34.14,33.7,34.5,34.2,3,1,1,5,0.00
530.000,34.30,34.1,33.8,35.0,2,2,0,4,0.00
531.000,35.02,34.2,33.9,36.9,3,1,1,5,0.00
532.000,35.58,33.7,34.4,38.6,3,1,1,5,0.00
533.000,34.40,33.7,34.5,35.0,2,2,0,4,0.00
534.000,34.79,34.2,32.9,37.4,3,1,1,5,0.00
535.000,34.86,34.3,34.3,36.0,3,1,1,5,0.00
536.000,34.61,33.4,34.4,36.0,2,1,1,4,0.00
537.000,34.74,33.6,33.2,37.4,3,1,2,6,0.00
538.000,34.23,33.4,34.5,34.8,3,1,1,5,0.00
539.000,34.14,34.0,33.4,35.0,2,2,0,4,0.00
540.000,34.69,34.1,32.6,37.3,3,1,2,6,0.00
541.000,34.16,33.7,34.3,34.5,3,1,1,5,0.00
542.000,34.17,33.5,34.1,35.0,2,2,0,4,0.00
543.000,34.67,34.3,33.7,36.0,3,1,1,5,0.00
544.000,34.29,33.9,34.5,34.4,3,1,1,5,0.00
545.000,34.35,33.8,34.8,34.4,2,1,1,4,0.00
546.000,34.69,34.3,34.1,35.7,3,1,1,5,0.00
547.000,34.10,33.6,34.7,34.0,3,1,1,5,0.00
548.000,34.25,34.5,34.2,34.0,2,1,1,4,0.00
549.000,35.15,34.2,33.4,37.9,3,1,2,6,0.00
550.000,35.59,33.9,35.0,37.9,3,0,2,5,0.00
551.000,34.32,33.9,34.0,35.0,2,2,0,4,0.00
552.000,34.67,33.8,33.1,37.0,3,1,1,5,0.00
553.000,36.15,33.8,35.0,39.7,3,1,1,5,0.00
554.000,34.62,34.0,34.8,35.0,2,2,0,4,0.00
555.000,35.33,34.3,33.1,38.6,3,1,1,5,0.00
556.000,35.30,34.0,34.6,37.3,3,1,1,5,0.00
557.000,34.55,33.7,35.0,35.0,2,2,0,4,0.00
558.000,34.24,33.8,33.0,36.0,3,1,1,5,0.00
559.000,33.94,33.3,34.4,34.2,3,1,1,5,0.00
560.000,34.08,33.4,33.9,35.0,2,2,0,4,0.00
561.000,34.13,33.4,33.4,35.6,3,1,1,5,0.00
562.000,34.17,33.7,34.6,34.2,3,1,1,5,0.00
563.000,34.37,34.1,34.8,34.2,2,1,1,4,0.00
564.000,34.96,34.2,33.2,37.5,3,1,2,6,0.00
565.000,34.41,34.0,34.5,34.7,3,1,1,5,0.00
566.000,34.26,33.8,34.0,35.0,2,2,0,4,0.00
567.000,35.52,33.9,34.0,38.6,3,1,2,6,0.00
568.000,34.46,34.1,34.5,34.8,3,1,1,5,0.00
569.000,34.38,34.1,34.1,35.0,2,2,0,4,0.00
570.000,34.60,33.7,33.8,36.3,3,1,1,5,0.00
571.000,34.38,33.7,34.0,35.4,3,1,1,5,0.00
572.000,34.48,34.2,33.8,35.4,2,1,1,4,0.00
573.000,34.69,34.5,32.8,36.8,3,1,2,6,0.00
574.000,35.21,33.8,35.0,36.8,3,0,2,5,0.00
575.000,34.31,33.6,34.3,35.0,2,2,0,4,0.00
576.000,35.30,34.0,33.7,38.2,3,1,2,6,0.00
577.000,34.26,33.7,34.6,34.5,3,1,1,5,0.00
578.000,34.26,33.8,33.9,35.0,2,2,0,4,0.00
579.000,34.31,33.8,33.6,35.5,3,1,1,5,0.00
580.000,35.11,33.7,34.4,37.2,3,1,1,5,0.00
581.000,34.44,33.5,34.8,35.0,2,2,0,4,0.00
582.000,34.87,33.9,33.0,37.7,3,1,2,6,0.00
583.000,35.33,33.3,35.0,37.7,3,0,2,5,0.00
584.000,34.06,33.3,33.8,35.0,2,2,0,4,0.00
585.000,35.03,34.1,33.5,37.5,3,1,1,5,0.00
586.000,34.31,33.8,34.7,34.5,3,1,1,5,0.00
587.000,34.17,33.4,34.1,35.0,2,2,0,4,0.00
588.000,34.34,33.8,33.4,35.9,3,1,1,5,0.00
589.000,33.92,33.6,34.3,33.9,3,1,1,5,0.00
590.000,33.66,33.4,33.7,33.9,2,1,1,4,0.00
591.000,35.22,34.1,33.2,38.4,3,1,2,6,0.00
592.000,35.62,33.5,35.0,38.4,3,0,2,5,0.00
593.000,34.33,34.0,34.0,35.0,2,2,0,4,0.00
594.000,35.06,34.3,32.9,38.0,3,1,1,5,0.00
595.000,34.53,33.7,34.8,35.1,3,1,1,5,0.00
596.000,34.18,33.4,34.1,35.0,2,2,0,4,0.00
597.000,34.45,33.6,33.9,35.8,3,1,1,5,0.00
598.000,35.26,33.5,34.5,37.8,3,1,1,5,0.00
599.000,34.53,33.7,34.9,35.0,2,2,0,4,0.00
600.000,34.86,34.1,33.0,37.5,3,1,2,6,0.00
601.000,34.48,34.1,34.7,34.7,3,1,1,5,0.00
602.000,34.11,33.7,33.7,35.0,2,2,0,4,0.00
603.000,34.61,34.2,33.3,36.4,3,1,1,5,0.00
604.000,34.37,33.4,34.7,35.0,3,1,1,5,0.00
605.000,34.14,33.3,34.1,35.0,2,1,1,4,0.00
606.000,34.73,33.8,32.9,37.5,3,1,2,6,0.00
607.000,34.30,33.4,34.5,34.9,3,1,1,5,0.00
608.000,34.02,33.8,33.2,35.0,2,2,0,4,0.00
609.000,35.25,34.3,32.9,38.5,3,1,2,6,0.00
610.000,34.57,33.9,34.5,35.2,3,1,1,5,0.00
611.000,34.29,34.0,33.9,35.0,2,2,0,4,0.00
612.000,34.62,33.8,32.9,37.1,3,1,1,5,0.00
613.000,34.58,33.7,33.8,36.2,3,1,1,5,0.00
614.000,34.67,34.0,33.8,36.2,2,1,1,4,0.00
615.000,34.47,33.6,33.2,36.6,3,1,2,6,0.00
616.000,34.01,33.5,34.6,34.0,3,1,1,5,0.00
617.000,34.40,34.4,33.8,35.0,2,2,0,4,0.00
618.000,35.04,34.2,33.2,37.7,3,1,2,6,0.00
619.000,34.52,34.1,34.6,34.8,3,1,1,5,0.00
620.000,34.22,34.2,33.5,35.0,2,2,0,4,0.00
621.000,34.83,34.2,32.9,37.3,3,1,2,6,0.00
622.000,34.29,33.8,34.4,34.7,3,1,1,5,0.00
623.000,34.25,33.5,34.2,35.0,2,2,0,4,0.00
624.000,34.97,34.3,34.1,36.6,3,1,1,5,0.00
625.000,35.37,34.3,34.4,37.5,3,1,1,5,0.00
626.000,34.60,34.1,34.7,35.0,2,2,0,4,0.00
627.000,34.13,34.3,32.6,35.6,3,1,1,5,0.00
628.000,33.85,34.1,33.9,33.6,3,1,1,5,0.00
629.000,34.25,33.9,33.8,35.0,2,2,0,4,0.00
630.000,35.17,34.0,33.7,37.7,3,1,1,5,0.00
631.000,35.89,33.8,34.7,39.2,3,1,1,5,0.00
632.000,34.37,33.4,34.7,35.0,2,2,0,4,0.00
633.000,34.44,33.6,32.6,37.1,3,1,1,5,0.00
634.000,34.38,33.5,34.3,35.3,3,1,1,5,0.00
635.000,34.03,33.4,33.7,35.0,2,2,0,4,0.00
636.000,35.12,34.1,33.1,38.1,3,1,2,6,0.00
637.000,34.34,33.8,34.6,34.7,3,1,1,5,0.00
638.000,34.09,33.6,33.6,35.0,2,2,0,4,0.00
639.000,35.23,34.4,32.8,38.4,3,1,2,6,0.00
640.000,34.87,34.3,35.0,35.3,3,1,1,5,0.00
641.000,34.33,34.2,33.7,35.0,2,2,0,4,0.00
642.000,34.71,33.7,33.4,37.0,3,1,1,5,0.00
643.000,35.70,33.4,34.8,38.9,3,1,1,5,0.00
644.000,34.29,33.8,34.1,35.0,2,2,0,4,0.00
645.000,34.62,34.0,32.3,37.6,3,1,1,5,0.00
646.000,34.61,34.3,34.9,34.6,3,1,1,5,0.00
647.000,34.29,34.1,33.8,35.0,2,2,0,4,0.00
648.000,34.97,34.3,33.3,37.4,3,1,1,5,0.00
649.000,35.93,34.1,34.9,38.8,3,1,1,5,0.00
650.000,34.53,34.1,34.5,35.0,2,2,0,4,0.00
651.000,35.10,33.9,33.6,37.8,3,1,1,5,0.00
652.000,35.87,33.7,34.9,39.0,3,1,1,5,0.00
653.000,34.40,33.5,34.7,35.0,2,2,0,4,0.00
654.000,34.88,33.6,33.3,37.7,3,1,1,5,0.00
655.000,35.83,33.8,34.6,39.1,3,1,1,5,0.00
656.000,34.42,33.9,34.3,35.0,2,2,0,4,0.00
657.000,34.91,33.9,32.4,38.5,3,1,2,6,0.00
658.000,34.70,33.8,34.8,35.5,3,1,1,5,0.00
659.000,34.18,33.9,33.7,35.0,2,2,0,4,0.00
660.000,34.28,33.6,32.7,36.5,3,1,1,5,0.00
661.000,34.36,33.1,34.3,35.6,3,1,1,5,0.00
662.000,34.72,33.8,34.7,35.6,2,1,1,4,0.00
663.000,34.87,33.8,33.9,36.9,3,1,1,5,0.00
664.000,35.87,33.5,34.6,39.5,3,1,1,5,0.00
665.000,34.55,34.1,34.5,35.0,2,2,0,4,0.00
666.000,34.76,34.0,32.9,37.3,3,1,1,5,0.00
667.000,35.75,33.3,34.7,39.3,3,1,1,5,0.00
668.000,34.44,33.5,34.8,35.0,2,2,0,4,0.00
669.000,34.75,33.6,33.2,37.4,3,1,1,5,0.00
670.000,35.78,33.3,34.7,39.4,3,1,1,5,0.00
671.000,34.35,33.6,34.4,35.0,2,2,0,4,0.00
672.000,35.07,34.4,32.5,38.4,3,1,1,5,0.00
673.000,35.12,33.5,34.9,37.0,3,1,1,5,0.00
674.000,34.33,33.3,34.7,35.0,2,2,0,4,0.00
675.000,35.50,33.8,33.0,39.7,3,1,1,5,0.00
676.000,35.30,33.7,35.2,37.0,3,1,1,5,0.00
677.000,34.37,33.4,34.8,35.0,2,2,0,4,0.00
678.000,35.27,34.1,32.6,39.1,3,1,1,5,0.00
679.000,35.32,34.1,34.6,37.3,3,1,1,5,0.00
680.000,34.26,33.9,33.9,35.0,2,2,0,4,0.00
681.000,35.27,33.7,34.2,37.9,3,1,1,5,0.00
682.000,34.40,33.9,34.4,34.9,3,1,1,5,0.00
683.000,34.30,33.7,34.2,34.9,2,1,1,4,0.00
684.000,35.35,34.5,33.8,37.8,3,1,1,5,0.00
685.000,36.10,34.0,34.4,39.9,3,1,1,5,0.00
686.000,34.55,33.6,35.1,35.0,2,2,0,4,0.00
687.000,35.19,33.8,33.0,38.7,3,1,1,5,0.00
688.000,34.82,33.5,34.3,36.7,3,1,1,5,0.00
689.000,33.96,33.1,33.8,35.0,2,2,0,4,0.00
690.000,34.23,33.5,33.8,35.4,3,1,1,5,0.00
691.000,35.21,33.9,34.5,37.2,3,1,1,5,0.00
692.000,34.49,33.9,34.5,35.0,2,2,0,4,0.00
693.000,35.25,34.2,32.7,38.9,3,1,1,5,0.00
694.000,35.17,34.0,34.4,37.2,3,1,1,5,0.00
695.000,33.98,33.6,33.3,35.0,2,2,0,4,0.00
696.000,34.92,33.7,33.6,37.4,3,1,1,5,0.00
697.000,36.04,33.4,34.7,40.0,3,1,1,5,0.00
698.000,34.62,33.9,35.0,35.0,2,2,0,4,0.00
699.000,35.10,34.4,32.0,39.0,3,1,1,5,0.00
700.000,35.20,33.7,34.8,37.1,3,1,1,5,0.00
701.000,34.31,33.3,34.7,35.0,2,2,0,4,0.00
702.000,34.19,33.8,32.9,35.8,3,1,1,5,0.00
703.000,35.05,33.7,34.6,36.9,3,1,1,5,0.00
704.000,34.51,34.0,34.5,35.0,2,2,0,4,0.00
705.000,34.81,34.3,32.6,37.5,3,1,2,6,0.00
706.000,34.42,33.8,34.4,35.0,3,1,1,5,0.00
707.000,34.23,34.0,33.7,35.0,2,2,0,4,0.00
708.000,33.95,33.9,32.7,35.2,3,1,1,5,0.00
709.000,33.93,33.4,34.7,33.6,3,1,1,5,0.00
710.000,33.71,33.5,34.0,33.6,2,1,1,4,0.00
711.000,35.36,34.3,33.1,38.6,3,1,2,6,0.00
712.000,34.58,33.9,34.6,35.2,3,1,1,5,0.00
713.000,33.84,33.3,33.2,35.0,2,2,0,4,0.00
714.000,34.21,34.1,32.7,35.8,3,1,1,5,0.00
715.000,35.39,34.0,34.7,37.4,3,1,1,5,0.00
716.000,34.64,34.4,34.5,35.0,2,2,0,4,0.00
717.000,35.36,34.0,32.4,39.7,3,1,2,6,0.00
718.000,34.72,33.8,35.2,35.2,3,1,1,5,0.00
719.000,34.43,33.6,34.6,35.0,2,2,0,4,0.00
720.000,35.25,33.9,34.5,37.4,3,1,1,5,0.00
721.000,34.57,33.8,34.2,35.7,3,1,1,5,0.00
722.000,34.20,33.9,33.7,35.0,2,2,0,4,0.00
723.000,35.07,34.3,33.0,38.0,3,1,2,6,0.00
724.000,34.57,34.3,34.9,34.5,3,1,1,5,0.00
725.000,34.15,33.5,34.0,35.0,2,2,0,4,0.00
726.000,34.91,34.4,32.4,38.0,3,1,2,6,0.00
727.000,34.82,34.2,35.0,35.3,3,1,1,5,0.00
728.000,34.23,33.9,33.8,35.0,2,2,0,4,0.00
729.000,35.14,34.6,32.8,37.9,3,1,2,6,0.00
730.000,34.42,34.0,34.8,34.4,3,1,1,5,0.00
731.000,33.97,33.3,33.6,35.0,2,2,0,4,0.00
732.000,34.89,33.9,33.0,37.8,3,1,1,5,0.00
733.000,35.83,33.6,34.5,39.3,3,1,1,5,0.00
734.000,34.69,34.1,34.9,35.0,2,2,0,4,0.00
735.000,34.94,34.0,33.5,37.3,3,1,1,5,0.00
736.000,35.31,33.5,34.8,37.6,3,1,1,5,0.00
737.000,34.21,33.1,34.5,35.0,2,2,0,4,0.00
738.000,35.16,34.1,32.6,38.8,3,1,1,5,0.00
739.000,35.26,33.8,34.5,37.4,3,1,1,5,0.00
740.000,33.95,32.2,34.6,35.0,2,2,0,4,0.00
741.000,33.22,31.1,32.8,35.8,3,1,1,5,0.00
742.000,31.61,26.8,34.1,33.9,3,1,1,5,0.00
743.000,29.96,22.9,32.0,35.0,3,2,0,5,0.00
744.000,30.16,22.8,30.2,37.5,4,1,2,7,0.00
745.000,31.84,23.0,35.0,37.5,4,0,2,6,0.00
746.000,29.24,22.2,30.5,35.0,4,2,0,6,0.00
747.000,29.72,22.9,28.3,38.0,4,1,2,7,0.00
748.000,32.14,23.7,34.7,38.1,4,1,1,6,0.00
749.000,30.25,23.8,32.0,35.0,4,2,0,6,0.00
750.000,30.09,25.2,30.1,35.0,4,1,2,7,0.00
751.000,31.62,26.2,32.5,36.1,4,1,1,6,0.00
752.000,30.38,25.2,30.9,35.0,4,2,0,6,0.00
753.000,30.60,25.3,29.3,37.2,4,1,2,7,0.00
754.000,31.33,24.9,29.2,39.9,3,2,1,6,0.00
755.000,30.40,25.1,31.1,35.0,3,2,0,5,0.00
756.000,31.81,26.4,31.5,37.5,4,1,2,7,0.00
757.000,33.29,27.4,33.7,38.8,4,1,1,6,0.00
758.000,31.67,27.1,32.9,35.0,4,2,0,6,0.00
759.000,31.95,27.4,30.0,38.4,4,1,2,7,0.00
760.000,33.65,26.7,35.0,39.3,4,1,1,6,0.00
761.000,31.55,26.6,33.1,35.0,3,2,0,5,0.00
762.000,32.50,28.6,30.1,38.7,3,1,2,6,0.00
763.000,34.20,28.1,34.7,39.8,4,1,1,6,0.00
764.000,32.18,27.8,33.7,35.0,3,2,0,5,0.00
765.000,32.29,28.8,30.2,37.9,3,1,2,6,0.00
766.000,33.78,28.8,34.5,38.1,4,1,1,6,0.00
767.000,31.44,27.0,32.3,35.0,3,2,0,5,0.00
768.000,31.42,28.3,30.2,35.7,3,1,2,6,0.00
769.000,33.11,28.6,35.0,35.7,4,0,2,6,0.00
770.000,31.70,28.7,31.4,35.0,3,2,0,5,0.00
771.000,31.76,29.3,29.7,36.3,3,1,2,6,0.00
772.000,33.91,30.5,35.0,36.3,4,0,2,6,0.00
773.000,32.74,31.2,32.0,35.0,3,2,0,5,0.00
774.000,33.19,31.8,30.8,36.9,3,1,2,6,0.00
775.000,34.68,32.1,35.0,36.9,4,0,2,6,0.00
776.000,33.25,32.9,31.9,35.0,3,2,0,5,0.00
777.000,33.11,32.7,29.6,37.0,3,1,2,6,0.00
778.000,34.90,32.7,35.0,37.0,3,0,2,5,0.00
779.000,33.59,33.4,32.3,35.0,3,2,0,5,0.00
780.000,34.26,33.9,32.1,36.8,3,1,2,6,0.00
781.000,34.24,33.4,34.4,34.9,3,1,1,5,0.00
782.000,34.23,34.2,33.5,35.0,2,2,0,4,0.00
783.000,34.91,33.8,32.6,38.3,3,1,2,6,0.00
784.000,35.66,33.6,35.0,38.3,3,0,2,5,0.00
785.000,34.16,33.5,33.9,35.0,2,2,0,4,0.00
786.000,34.68,34.1,33.4,36.5,3,1,1,5,0.00
787.000,34.84,34.2,34.8,35.5,3,1,1,5,0.00
788.000,34.78,34.0,34.8,35.5,2,1,1,4,0.00
789.000,34.94,34.1,33.8,37.0,3,1,1,5,0.00
790.000,35.98,33.9,34.6,39.4,3,1,1,5,0.00
791.000,34.45,33.7,34.7,35.0,2,2,0,4,0.00
792.000,34.69,34.2,32.6,37.3,3,1,1,5,0.00
793.000,35.25,33.7,34.7,37.3,3,1,1,5,0.00
794.000,34.68,34.4,34.7,35.0,2,2,0,4,0.00
795.000,35.70,34.2,33.0,39.8,3,1,2,6,0.00
796.000,34.78,33.6,35.4,35.3,3,1,1,5,0.00
797.000,34.42,33.4,34.9,35.0,2,2,0,4,0.00
798.000,34.99,33.7,34.1,37.2,3,1,1,5,0.00
799.000,34.43,33.5,35.0,34.8,3,1,1,5,0.00
800.000,34.44,33.9,34.5,35.0,2,2,0,4,0.00
801.000,34.97,34.0,33.9,37.0,3,1,1,5,0.00
802.000,34.68,33.7,34.5,35.8,3,1,1,5,0.00
803.000,34.75,33.7,34.8,35.8,2,1,1,4,0.00
804.000,34.31,34.3,33.3,35.3,3,1,1,5,0.00
805.000,34.29,34.3,34.2,34.4,3,1,1,5,0.00
806.000,34.13,33.9,34.1,34.4,2,1,1,4,0.00
807.000,34.54,34.1,32.4,37.2,3,1,2,6,0.00
808.000,35.29,33.7,35.0,37.2,3,0,2,5,0.00
809.000,34.15,33.8,33.7,35.0,2,2,0,4,0.00
810.000,35.14,34.5,32.6,38.3,3,1,2,6,0.00
811.000,35.72,33.8,35.0,38.3,3,0,2,5,0.00
812.000,34.02,33.5,33.6,35.0,2,2,0,4,0.00
813.000,35.56,33.8,34.3,38.5,3,1,2,6,0.00
814.000,34.46,33.6,34.7,35.1,3,1,1,5,0.00
815.000,34.01,33.2,33.8,35.0,2,2,0,4,0.00
816.000,34.69,34.1,32.7,37.3,3,1,1,5,0.00
817.000,36.21,34.3,35.0,39.3,3,1,1,5,0.00
818.000,34.60,34.3,34.5,35.0,2,2,0,4,0.00
819.000,34.90,34.2,32.9,37.6,3,1,1,5,0.00
820.000,35.12,33.2,34.7,37.4,3,1,1,5,0.00
821.000,34.52,33.9,34.7,35.0,2,2,0,4,0.00
822.000,35.45,34.3,32.7,39.4,3,1,1,5,0.00
823.000,35.53,33.8,34.9,37.9,3,1,1,5,0.00
824.000,33.89,31.9,34.8,35.0,2,2,0,4,0.00
825.000,34.01,30.2,32.7,39.2,3,1,1,5,0.00
826.000,32.84,26.1,34.9,37.5,3,1,1,5,0.00
827.000,30.73,24.5,32.7,35.0,3,2,0,5,0.00
828.000,32.00,26.5,32.9,36.6,3,1,2,6,0.00
829.000,32.22,25.5,34.0,37.1,4,1,1,6,0.00
830.000,29.83,22.6,31.9,35.0,3,2,0,5,0.00
831.000,30.67,23.0,30.6,38.4,4,1,2,7,0.00
832.000,32.73,23.7,34.7,39.7,4,1,1,6,0.00
833.000,30.21,22.9,32.8,35.0,4,2,0,6,0.00
834.000,30.57,24.1,29.7,37.9,4,1,2,7,0.00
835.000,32.82,25.2,35.0,38.3,4,1,1,6,0.00
836.000,31.12,24.7,33.6,35.0,4,2,0,6,0.00
837.000,31.12,25.4,30.1,37.8,4,1,2,7,0.00
838.000,32.74,26.0,33.3,38.9,4,1,1,6,0.00
839.000,30.39,24.5,31.6,35.0,3,2,0,5,0.00
840.000,31.39,25.4,30.8,38.0,4,1,2,7,0.00
841.000,32.88,25.5,34.4,38.7,4,1,1,6,0.00
842.000,31.04,25.5,32.6,35.0,3,2,0,5,0.00
843.000,30.78,26.9,29.7,35.7,4,1,2,7,0.00
844.000,31.84,27.0,32.5,36.0,4,1,1,6,0.00
845.000,30.58,26.1,30.6,35.0,3,2,0,5,0.00
846.000,29.71,26.7,28.1,34.3,4,1,2,7,0.00
847.000,31.98,26.7,35.0,34.3,4,0,2,6,0.00
848.000,30.45,27.0,29.4,35.0,3,2,0,5,0.00
849.000,30.96,27.7,27.9,37.3,4,1,2,7,0.00
850.000,32.37,28.4,31.2,37.4,3,2,1,6,0.00
851.000,32.13,28.7,32.7,35.0,3,2,0,5,0.00
852.000,33.46,29.0,33.9,37.4,4,1,2,7,0.00
853.000,34.51,29.7,34.4,39.5,4,1,1,6,0.00
854.000,32.51,29.2,33.4,35.0,3,2,0,5,0.00
855.000,32.17,28.3,32.5,35.7,3,1,2,6,0.00
856.000,32.37,26.4,35.0,35.7,4,0,2,6,0.00
857.000,30.38,22.7,33.5,35.0,4,2,0,6,0.00
858.000,30.50,21.2,32.7,37.7,5,1,2,8,0.00
859.000,31.31,21.0,34.7,38.2,5,1,1,7,0.00
860.000,28.57,17.2,33.5,35.0,5,2,0,7,0.00
861.000,28.63,17.9,29.9,38.1,5,1,2,8,0.00
862.000,30.34,17.2,34.8,39.1,6,1,1,8,0.00
863.000,27.59,14.1,33.7,35.0,6,2,0,8,3.35
864.000,27.79,15.6,30.1,37.7,6,1,2,9,0.00
865.000,29.06,14.7,34.5,38.0,7,1,1,9,7.61
866.000,26.55,11.1,33.5,35.0,7,2,0,9,10.81
867.000,26.47,12.7,30.0,36.7,7,1,2,10,7.72
868.000,27.23,12.3,32.5,36.9,8,1,1,10,7.29
869.000,25.32,9.6,31.3,35.0,8,2,0,10,19.86
870.000,26.54,10.7,31.0,37.9,8,1,2,11,14.37
871.000,27.72,10.6,34.5,38.1,9,1,1,11,10.68
872.000,25.56,8.9,32.8,35.0,8,2,0,10,21.16
873.000,26.21,9.9,31.1,37.6,9,1,2,12,12.79
874.000,27.09,10.5,33.8,36.9,9,1,1,11,29.59
875.000,25.10,9.2,31.1,35.0,9,2,0,11,15.90
876.000,25.04,8.9,28.4,37.8,9,1,2,12,39.54
877.000,26.75,8.9,31.5,39.8,10,1,1,12,48.84
878.000,25.79,8.3,30.3,38.7,9,2,1,12,43.46
879.000,24.54,7.7,27.1,38.7,9,2,1,12,20.78
880.000,25.68,9.9,32.7,34.5,10,1,1,12,31.80
881.000,24.58,8.4,30.4,35.0,10,2,0,12,32.29
882.000,23.80,8.7,27.9,34.8,10,1,2,13,33.89
883.000,23.67,7.6,27.3,36.0,10,2,1,13,38.56
884.000,23.90,7.7,28.5,35.5,10,2,1,13,39.18
885.000,22.24,7.3,24.0,35.5,10,2,1,13,51.63
886.000,21.39,7.5,25.0,31.7,10,2,1,13,42.40
887.000,21.64,6.9,24.7,33.4,11,1,2,14,42.00
888.000,22.10,5.5,22.0,38.8,10,2,1,13,42.08
889.000,20.42,5.4,24.8,31.0,11,2,1,14,52.61
890.000,19.21,3.8,23.9,29.9,10,2,2,14,57.56
891.000,20.17,6.1,22.0,32.3,12,1,2,15,68.27
892.000,16.87,5.3,17.5,27.8,12,1,2,15,68.49
893.000,17.19,4.6,16.4,30.5,11,2,2,15,69.35
894.000,17.55,4.3,14.2,34.2,11,3,1,15,68.60
895.000,15.80,4.2,18.0,25.2,12,3,1,16,69.18
896.000,13.10,3.9,14.6,20.7,11,3,1,15,57.97
897.000,11.88,3.8,11.8,20.0,11,3,2,16,48.42
898.000,13.68,4.8,9.9,26.3,12,2,2,16,54.20
899.000,13.49,4.2,15.7,20.6,12,3,2,17,53.38
900.000,14.79,4.1,14.0,26.3,11,4,1,16,56.01
901.000,11.75,4.8,11.5,19.0,12,3,2,17,108.48
902.000,10.33,5.4,7.6,18.0,12,2,3,17,47.58
903.000,11.83,5.1,8.8,21.6,12,2,4,18,47.46
904.000,12.12,5.0,10.3,21.1,11,3,3,17,46.90
905.000,11.58,5.4,14.6,14.7,12,4,1,17,50.70
906.000,13.54,5.3,12.5,22.9,12,4,3,19,51.30
907.000,12.29,4.6,12.2,20.1,12,3,3,18,62.85
908.000,11.21,4.3,9.5,19.8,12,4,3,19,61.83
909.000,12.97,4.5,11.1,23.3,12,4,3,19,64.68
910.000,11.66,4.8,9.0,21.1,12,4,3,19,56.41
911.000,10.19,4.3,7.9,18.3,11,5,2,18,61.75
912.000,9.55,4.6,8.5,15.5,11,6,2,19,70.91
913.000,9.21,4.4,7.5,15.8,12,4,3,19,72.75
914.000,10.55,4.6,6.2,20.8,12,5,3,20,97.91
915.000,10.81,4.0,5.5,23.0,11,5,4,20,85.10
916.000,9.02,4.6,2.8,19.7,12,4,4,20,75.48
917.000,9.42,5.1,6.6,16.6,12,6,2,20,75.48
918.000,9.31,5.1,6.8,16.1,11,7,2,20,67.47
919.000,9.97,4.9,6.0,19.0,12,7,2,21,69.94
920.000,8.77,4.5,4.6,17.2,11,7,3,21,69.23
921.000,8.19,5.1,4.1,15.5,11,7,3,21,73.24
922.000,7.24,6.2,2.6,12.9,12,6,4,22,74.70
923.000,8.83,5.7,3.1,17.6,11,7,4,22,77.91
924.000,7.66,5.7,1.2,16.0,12,6,4,22,78.79
925.000,7.35,5.9,1.5,14.6,11,7,4,22,79.74
926.000,8.40,6.4,3.4,15.4,11,8,4,23,79.92
927.000,7.22,6.3,2.7,12.6,10,8,4,22,90.84
928.000,6.48,6.9,2.2,10.4,10,8,5,23,100.59
929.000,6.18,6.2,2.2,10.1,10,7,6,23,102.65
930.000,6.77,6.5,3.6,10.2,10,8,6,24,116.08
931.000,6.65,6.2,3.7,10.0,9,9,5,23,119.39
932.000,7.11,7.2,2.9,11.2,10,8,6,24,131.99
933.000,6.64,8.0,4.1,7.8,9,9,5,23,120.41
934.000,6.21,8.9,2.9,6.9,10,8,6,24,118.61
935.000,5.75,9.2,2.3,5.8,9,8,6,23,90.49
936.000,7.17,9.1,3.7,8.7,10,8,7,25,92.78
937.000,6.71,9.4,3.4,7.4,9,8,7,24,82.43
938.000,6.16,9.0,4.3,5.1,8,8,7,23,93.59
939.000,7.03,8.8,5.1,7.2,10,8,7,25,95.91
940.000,7.16,8.7,5.2,7.6,9,8,7,24,86.27
941.000,7.34,8.9,5.8,7.3,10,8,7,25,60.95
942.000,7.42,7.6,6.5,8.2,10,7,8,25,203.71
943.000,6.88,8.2,5.3,7.2,11,6,8,25,179.95
944.000,6.58,7.0,8.8,3.9,11,6,7,24,183.39
945.000,7.20,6.8,7.6,7.1,12,5,9,26,173.74
946.000,7.13,6.6,8.8,5.9,11,6,8,25,165.95
947.000,6.93,6.4,7.0,7.4,12,6,8,26,160.28
948.000,6.46,6.6,4.5,8.3,11,6,9,26,168.91
949.000,6.03,6.4,5.0,6.7,11,7,8,26,170.51
950.000,6.06,6.3,4.1,7.7,11,7,8,26,174.00
951.000,5.56,6.1,3.1,7.5,11,7,8,26,178.93
952.000,5.48,5.1,4.6,6.7,11,7,8,26,175.58
953.000,5.48,4.9,5.7,5.8,11,8,7,26,177.54
954.000,5.38,4.7,5.5,6.0,10,8,8,26,180.62
955.000,5.47,5.5,5.3,5.5,11,7,8,26,171.30
956.000,5.23,5.4,6.1,4.1,11,8,6,25,171.41
957.000,5.01,6.0,6.4,2.6,11,9,5,25,161.51
958.000,5.15,6.3,5.8,3.4,11,8,5,24,149.54
959.000,5.10,6.2,6.0,3.1,12,8,4,24,149.38
960.000,4.93,6.3,5.4,3.1,12,7,4,23,152.51
961.000,4.95,6.6,4.7,3.5,12,7,4,23,122.25
962.000,4.70,6.2,3.6,4.2,12,7,3,22,154.23
963.000,4.63,6.4,3.2,4.3,12,7,3,22,151.51
964.000,3.90,6.0,2.2,3.5,12,6,3,21,149.52
965.000,3.56,5.4,1.9,3.4,12,6,3,21,148.53
966.000,3.10,4.5,2.2,2.6,12,6,2,20,136.84
967.000,3.09,4.3,1.9,3.0,12,6,2,20,127.49
968.000,3.23,4.1,1.6,4.0,11,6,2,19,114.74
969.000,3.02,4.7,1.9,2.5,11,6,2,19,100.20
970.000,2.56,4.7,1.7,1.3,11,7,1,19,106.75
971.000,2.52,4.8,1.5,1.3,10,7,1,18,99.09
972.000,2.63,5.5,1.5,0.9,10,7,1,18,101.32
973.000,2.72,5.6,1.1,1.5,9,7,1,17,104.35
974.000,2.93,5.8,1.4,1.6,10,6,1,17,93.89
975.000,3.48,6.1,1.0,3.3,9,6,1,16,82.47
976.000,14.32,6.9,1.0,35.0,9,7,0,16,85.28
977.000,14.48,7.4,1.0,35.0,8,7,0,15,72.11
978.000,14.79,8.4,1.0,35.0,8,7,0,15,63.50
979.000,14.75,8.2,1.0,35.0,8,6,0,14,54.57
980.000,15.04,8.9,1.2,35.0,8,6,0,14,46.04
981.000,15.38,9.1,2.1,35.0,7,6,0,13,37.38
982.000,15.40,9.0,2.2,35.0,8,5,0,13,28.38
983.000,15.91,9.4,3.3,35.0,7,5,0,12,20.19
984.000,16.15,9.5,3.9,35.0,8,4,0,12,10.99
985.000,16.75,10.1,5.2,35.0,7,4,0,11,0.00
986.000,16.76,9.6,5.7,35.0,8,3,0,11,0.00
987.000,17.33,9.8,7.2,35.0,7,3,0,10,0.00
988.000,17.49,10.0,7.4,35.0,8,2,0,10,0.00
989.000,17.67,10.1,7.9,35.0,7,2,0,9,0.00
990.000,17.86,9.6,8.9,35.0,8,1,0,9,0.00
991.000,18.24,9.7,10.0,35.0,7,1,0,8,0.00
992.000,26.51,9.5,35.0,35.0,8,0,0,8,0.00
993.000,26.49,9.5,35.0,35.0,7,0,0,7,0.00
994.000,26.40,9.2,35.0,35.0,7,0,0,7,0.00
995.000,26.44,9.3,35.0,35.0,6,0,0,6,0.00
996.000,26.55,9.7,35.0,35.0,6,0,0,6,0.00
997.000,26.53,9.6,35.0,35.0,5,0,0,5,0.00
998.000,26.36,9.1,35.0,35.0,5,0,0,5,0.00
999.000,26.37,9.1,35.0,35.0,4,0,0,4,0.00
1000.000,26.50,9.5,35.0,35.0,4,0,0,4,0.00
5.000,35.00,35.0,35.0,35.0,0,0,0,0,0.00
6.000,35.00,35.0,35.0,35.0,0,0,0,0,0.00
7.000,38.00,39.6,38.0,36.4,1,1,1,3,0.00
8.000,36.50,35.1,38.0,36.4,1,1,1,3,0.00
9.000,35.00,34.4,33.3,37.3,2,1,1,4,0.00
10.000,35.83,34.0,34.7,38.8,3,1,1,5,0.00
11.000,34.38,33.6,34.6,35.0,3,2,0,5,0.00
12.000,34.81,33.6,33.2,37.6,3,1,1,5,0.00
13.000,35.65,33.4,34.4,39.2,3,1,1,5,0.00
14.000,34.16,33.2,34.3,35.0,2,2,0,4,0.00
15.000,34.43,33.5,32.6,37.3,3,1,1,5,0.00
16.000,35.98,33.7,34.9,39.3,3,1,1,5,0.00
17.000,34.41,33.5,34.8,35.0,2,2,0,4,0.00
18.000,35.02,33.7,33.4,37.9,3,1,1,5,0.00
19.000,35.07,33.3,34.5,37.4,3,1,1,5,0.00
20.000,34.23,33.0,34.7,35.0,2,2,0,4,0.00
21.000,34.43,34.3,33.0,36.0,3,1,1,5,0.00
22.000,34.31,34.0,34.0,34.9,3,1,1,5,0.00
23.000,34.19,33.8,33.7,35.0,2,2,0,4,0.00
24.000,35.57,34.0,34.0,38.7,3,1,2,6,0.00
25.000,34.32,33.6,34.5,34.9,3,1,1,5,0.00
26.000,34.28,33.9,33.9,35.0,2,2,0,4,0.00
27.000,35.27,34.4,33.4,38.0,3,1,1,5,0.00
28.000,36.23,34.0,34.8,39.9,3,1,1,5,0.00
29.000,34.45,33.6,34.7,35.0,2,2,0,4,0.00
30.000,34.97,34.6,32.5,37.7,3,1,1,5,0.00
31.000,34.64,34.2,34.4,35.3,3,1,1,5,0.00
32.000,34.30,34.0,33.9,35.0,2,2,0,4,0.00
33.000,35.04,34.4,33.6,37.1,3,1,1,5,0.00
34.000,35.85,33.9,34.8,38.9,3,1,1,5,0.00
35.000,34.35,33.5,34.5,35.0,2,2,0,4,0.00
36.000,35.01,33.9,33.6,37.5,3,1,1,5,0.00
37.000,34.35,33.8,34.5,34.8,3,1,1,5,0.00
38.000,34.18,34.0,33.6,35.0,2,2,0,4,0.00
39.000,34.06,34.2,32.3,35.7,3,1,1,5,0.00
40.000,35.26,33.6,34.9,37.2,3,1,1,5,0.00
41.000,34.51,33.9,34.6,35.0,2,2,0,4,0.00
42.000,35.24,33.9,32.8,39.0,3,1,2,6,0.00
43.000,34.37,33.6,34.8,34.7,3,1,1,5,0.00
44.000,34.31,33.8,34.1,35.0,2,2,0,4,0.00
45.000,34.87,34.3,33.5,36.8,3,1,1,5,0.00
46.000,35.94,33.7,34.7,39.5,3,1,1,5,0.00
47.000,34.53,33.7,34.9,35.0,2,2,0,4,0.00
48.000,34.96,34.3,33.3,37.4,3,1,1,5,0.00
49.000,35.03,33.9,34.6,36.6,3,1,1,5,0.00
50.000,34.03,33.4,33.7,35.0,2,2,0,4,0.00
51.000,35.01,33.9,33.0,38.0,3,1,2,6,0.00
52.000,34.56,33.4,34.9,35.3,3,1,1,5,0.00
53.000,34.09,33.5,33.8,35.0,2,2,0,4,0.00
54.000,34.17,33.6,32.7,36.3,3,1,1,5,0.00
55.000,34.14,33.2,33.8,35.4,3,1,1,5,0.00
56.000,34.74,34.0,34.7,35.4,2,1,1,4,0.00
57.000,35.47,34.4,34.1,37.9,3,1,2,6,0.00
58.000,34.39,34.1,34.8,34.2,3,1,1,5,0.00
59.000,34.18,34.0,33.6,35.0,2,2,0,4,0.00
60.000,34.84,33.9,33.4,37.2,3,1,1,5,0.00
61.000,36.04,34.3,34.7,39.1,3,1,1,5,0.00
62.000,34.48,34.1,34.4,35.0,2,2,0,4,0.00
63.000,34.38,33.9,32.3,36.9,3,1,1,5,0.00
64.000,35.67,33.7,33.8,39.6,3,1,1,5,0.00
65.000,34.37,33.5,34.6,35.0,2,2,0,4,0.00
66.000,35.03,34.2,32.1,38.7,3,1,2,6,0.00
67.000,34.44,33.7,34.6,35.0,3,1,1,5,0.00
68.000,34.20,33.6,34.0,35.0,2,2,0,4,0.00
69.000,34.98,34.0,32.9,38.0,3,1,2,6,0.00
70.000,34.51,33.5,34.6,35.4,3,1,1,5,0.00
71.000,34.16,33.7,33.8,35.0,2,2,0,4,0.00
72.000,33.99,33.9,32.3,35.8,3,1,1,5,0.00
73.000,34.36,33.7,34.9,34.5,3,1,1,5,0.00
74.000,34.34,33.8,34.7,34.5,2,1,1,4,0.00
75.000,35.21,33.8,33.7,38.2,3,1,2,6,0.00
76.000,34.37,33.4,34.6,35.1,3,1,1,5,0.00
77.000,34.16,34.0,33.5,35.0,2,2,0,4,0.00
78.000,35.36,34.4,33.5,38.2,3,1,2,6,0.00
79.000,34.58,34.2,35.0,34.6,3,1,1,5,0.00
80.000,34.28,33.9,33.9,35.0,2,2,0,4,0.00
81.000,34.61,34.1,33.5,36.3,3,1,1,5,0.00
82.000,34.59,33.3,34.9,35.5,3,1,1,5,0.00
83.000,34.48,34.1,33.9,35.5,2,1,1,4,0.00
84.000,35.23,34.0,32.9,38.7,3,1,2,6,0.00
85.000,34.45,33.8,34.4,35.2,3,1,1,5,0.00
86.000,34.27,33.5,34.3,35.0,2,2,0,4,0.00
87.000,34.85,34.2,33.7,36.7,3,1,1,5,0.00
88.000,34.67,33.7,34.8,35.4,3,1,1,5,0.00
89.000,34.47,34.2,33.8,35.4,2,1,1,4,0.00
90.000,35.21,34.2,33.5,38.0,3,1,2,6,0.00
91.000,34.29,33.8,34.8,34.3,3,1,1,5,0.00
92.000,34.38,34.0,34.1,35.0,2,2,0,4,0.00
93.000,35.28,34.2,34.2,37.4,3,1,1,5,0.00
94.000,36.19,34.2,34.9,39.5,3,1,1,5,0.00
95.000,34.48,34.0,34.4,35.0,2,2,0,4,0.00
96.000,34.87,34.6,31.8,38.2,3,1,1,5,0.00
97.000,34.98,33.9,34.5,36.5,3,1,1,5,0.00
98.000,34.56,34.3,34.4,35.0,2,2,0,4,0.00
99.000,34.79,33.9,33.6,36.9,3,1,1,5,0.00
100.000,34.69,33.4,34.6,36.1,3,1,1,5,0.00
101.000,35.03,34.4,34.7,36.1,2,1,1,4,0.00
102.000,35.36,34.2,33.9,38.0,3,1,1,5,0.00
103.000,36.26,34.1,34.8,39.9,3,1,1,5,0.00
104.000,34.51,33.8,34.7,35.0,2,2,0,4,0.00
105.000,35.17,34.0,32.8,38.8,3,1,1,5,0.00
106.000,34.95,33.4,34.6,36.8,3,1,1,5,0.00
107.000,34.27,33.6,34.3,35.0,2,2,0,4,0.00
108.000,33.79,34.2,32.1,35.1,3,1,1,5,0.00
109.000,35.27,33.8,34.8,37.3,3,1,1,5,0.00
110.000,34.60,34.3,34.5,35.0,2,2,0,4,0.00
111.000,35.26,34.7,32.5,38.5,3,1,2,6,0.00
112.000,34.22,34.1,34.8,33.8,3,1,1,5,0.00
113.000,34.52,33.8,34.8,35.0,2,2,0,4,0.00
114.000,34.97,33.4,34.3,37.2,3,1,1,5,0.00
115.000,34.60,33.3,34.4,36.1,3,1,1,5,0.00
116.000,34.54,33.8,33.7,36.1,2,1,1,4,0.00
117.000,35.04,33.9,32.8,38.4,3,1,2,6,0.00
118.000,34.46,34.0,34.7,34.7,3,1,1,5,0.00
119.000,34.10,33.6,33.7,35.0,2,2,0,4,0.00
120.000,34.89,34.0,33.4,37.2,3,1,1,5,0.00
121.000,36.24,33.8,35.0,40.0,3,1,1,5,0.00
122.000,34.62,34.0,34.8,35.0,2,2,0,4,0.00
123.000,34.61,33.8,32.2,37.9,3,1,1,5,0.00
124.000,34.32,33.3,34.8,34.9,3,1,1,5,0.00
125.000,34.09,33.5,33.7,35.0,2,2,0,4,0.00
126.000,34.81,33.8,33.5,37.1,3,1,1,5,0.00
127.000,34.23,33.6,34.5,34.6,3,1,1,5,0.00
128.000,34.06,33.6,34.0,34.6,2,1,1,4,0.00
129.000,35.04,34.5,33.3,37.4,3,1,1,5,0.00
130.000,36.24,34.4,34.7,39.6,3,1,1,5,0.00
131.000,34.57,33.9,34.8,35.0,2,2,0,4,0.00
132.000,35.05,34.0,32.9,38.3,3,1,1,5,0.00
133.000,34.79,33.3,33.8,37.3,3,1,1,5,0.00
134.000,34.03,33.7,33.4,35.0,2,2,0,4,0.00
135.000,34.97,33.9,33.2,37.8,3,1,2,6,0.00
136.000,34.31,33.5,34.4,35.0,3,1,1,5,0.00
137.000,34.09,34.0,33.3,35.0,2,2,0,4,0.00
138.000,34.00,34.3,32.4,35.3,3,1,1,5,0.00
139.000,34.27,34.0,34.3,34.5,3,1,1,5,0.00
140.000,34.02,33.4,34.1,34.5,2,1,1,4,0.00
141.000,34.13,33.9,33.2,35.3,3,1,2,6,0.00
142.000,34.71,33.8,35.0,35.3,3,0,2,5,0.00
143.000,34.54,34.4,34.3,35.0,2,2,0,4,0.00
144.000,35.70,34.5,34.0,38.6,3,1,2,6,0.00
145.000,35.81,33.9,35.0,38.6,3,0,2,5,0.00
146.000,34.10,33.5,33.8,35.0,2,2,0,4,0.00
147.000,34.40,34.1,33.3,35.8,3,1,1,5,0.00
148.000,34.47,33.7,34.8,34.9,3,1,1,5,0.00
149.000,34.51,33.8,34.9,34.9,2,1,1,4,0.00
150.000,35.22,34.4,33.6,37.6,3,1,2,6,0.00
151.000,34.46,34.0,34.7,34.7,3,1,1,5,0.00
152.000,34.30,33.9,34.0,35.0,2,2,0,4,0.00
153.000,34.19,33.7,32.6,36.3,3,1,1,5,0.00
154.000,34.29,33.7,34.2,34.9,3,1,1,5,0.00
155.000,34.20,33.6,34.0,35.0,2,2,0,4,0.00
156.000,35.17,34.0,33.7,37.9,3,1,2,6,0.00
157.000,34.29,33.8,34.8,34.2,3,1,1,5,0.00
158.000,34.19,33.7,33.9,35.0,2,2,0,4,0.00
159.000,34.82,33.6,32.9,38.0,3,1,2,6,0.00
160.000,34.41,33.3,34.9,35.0,3,1,1,5,0.00
161.000,34.30,34.2,33.7,35.0,2,2,0,4,0.00
162.000,35.22,34.6,33.3,37.9,3,1,2,6,0.00
163.000,34.46,33.8,34.4,35.2,3,1,1,5,0.00
164.000,33.84,33.2,33.3,35.0,2,2,0,4,0.00
165.000,34.63,34.0,32.9,37.0,3,1,2,6,0.00
166.000,34.33,33.7,34.6,34.7,3,1,1,5,0.00
167.000,34.35,34.2,33.8,35.0,2,2,0,4,0.00
168.000,35.10,34.0,33.5,37.8,3,1,2,6,0.00
169.000,34.18,33.4,34.7,34.4,3,1,1,5,0.00
170.000,34.21,33.4,34.3,35.0,2,2,0,4,0.00
171.000,35.17,34.2,34.0,37.4,3,1,1,5,0.00
172.000,34.79,33.7,34.6,36.0,3,1,1,5,0.00
173.000,34.88,34.0,34.7,36.0,2,1,1,4,0.00
174.000,34.56,34.1,33.3,36.2,3,1,1,5,0.00
175.000,34.54,33.8,34.6,35.2,3,1,1,5,0.00
176.000,34.67,34.1,34.7,35.2,2,1,1,4,0.00
177.000,35.31,34.2,33.9,37.9,3,1,2,6,0.00
178.000,34.32,33.6,34.8,34.6,3,1,1,5,0.00
179.000,34.49,34.2,34.3,35.0,2,2,0,4,0.00
180.000,34.81,33.9,33.2,37.3,3,1,1,5,0.00
181.000,35.95,34.2,34.9,38.8,3,1,1,5,0.00
182.000,34.64,34.4,34.5,35.0,2,2,0,4,0.00
183.000,34.99,34.3,33.3,37.4,3,1,1,5,0.00
184.000,35.82,33.2,35.0,39.3,3,1,1,5,0.00
185.000,34.20,32.9,34.7,35.0,2,2,0,4,0.00
186.000,35.10,34.0,33.3,38.0,3,1,1,5,0.00
187.000,35.28,33.4,35.0,37.4,3,1,1,5,0.00
188.000,34.42,33.8,34.5,35.0,2,2,0,4,0.00
189.000,35.23,34.0,32.5,39.2,3,1,1,5,0.00
190.000,35.55,33.8,34.9,38.0,3,1,1,5,0.00
191.000,33.50,31.8,33.7,35.0,2,2,0,4,0.00
192.000,33.09,29.8,32.2,37.3,3,1,2,6,0.00
193.000,32.66,28.5,34.7,34.8,3,1,1,5,0.00
194.000,32.06,29.1,32.1,35.0,3,2,0,5,0.00
195.000,32.67,30.4,29.7,38.0,3,1,2,6,0.00
196.000,34.35,30.1,35.0,38.0,3,0,2,5,0.00
197.000,33.27,31.3,33.5,35.0,3,2,0,5,0.00
198.000,33.29,32.0,30.3,37.6,3,1,2,6,0.00
199.000,34.86,32.0,35.0,37.6,3,0,2,5,0.00
200.000,33.57,33.1,32.6,35.0,3,2,0,5,0.00
201.000,34.21,33.5,32.4,36.8,3,1,1,5,0.00
202.000,35.73,33.2,34.7,39.3,3,1,1,5,0.00
203.000,34.09,32.9,34.4,35.0,2,2,0,4,0.00
204.000,34.75,33.3,32.5,38.4,3,1,2,6,0.00
205.000,34.28,33.6,34.5,34.8,3,1,1,5,0.00
206.000,34.27,33.9,33.9,35.0,2,2,0,4,0.00
207.000,34.96,33.8,33.6,37.5,3,1,1,5,0.00
208.000,35.76,33.5,34.6,39.2,3,1,1,5,0.00
209.000,34.20,33.3,34.3,35.0,2,2,0,4,0.00
210.000,34.52,34.1,32.4,37.1,3,1,1,5,0.00
211.000,35.96,34.0,34.6,39.3,3,1,1,5,0.00
212.000,34.39,33.9,34.3,35.0,2,2,0,4,0.00
213.000,34.97,34.3,32.6,38.0,3,1,1,5,0.00
214.000,35.94,34.0,34.4,39.5,3,1,1,5,0.00
215.000,34.47,33.9,34.5,35.0,2,2,0,4,0.00
216.000,34.48,34.1,32.5,36.8,3,1,1,5,0.00
217.000,35.70,33.6,33.9,39.6,3,1,1,5,0.00
218.000,34.37,33.4,34.7,35.0,2,2,0,4,0.00
219.000,34.95,33.7,32.4,38.8,3,1,2,6,0.00
220.000,34.35,33.3,34.4,35.4,3,1,1,5,0.00
221.000,34.14,33.9,33.5,35.0,2,2,0,4,0.00
222.000,34.04,33.9,32.7,35.5,3,1,1,5,0.00
223.000,34.90,33.5,34.4,36.8,3,1,1,5,0.00
224.000,34.54,34.0,34.6,35.0,2,2,0,4,0.00
225.000,34.64,34.0,32.3,37.6,3,1,2,6,0.00
226.000,34.73,33.9,34.9,35.4,3,1,1,5,0.00
227.000,33.94,33.2,33.6,35.0,2,2,0,4,0.00
228.000,34.83,33.9,32.5,38.1,3,1,2,6,0.00
229.000,34.54,33.9,34.9,34.9,3,1,1,5,0.00
230.000,34.30,34.0,33.9,35.0,2,2,0,4,0.00
231.000,35.40,34.2,33.5,38.5,3,1,2,6,0.00
232.000,34.59,33.9,34.6,35.3,3,1,1,5,0.00
233.000,34.16,34.1,33.4,35.0,2,2,0,4,0.00
234.000,34.00,34.3,32.2,35.5,3,1,1,5,0.00
235.000,34.84,33.3,34.4,36.8,3,1,1,5,0.00
236.000,34.36,33.5,34.6,35.0,2,2,0,4,0.00
237.000,34.63,34.1,32.4,37.3,3,1,2,6,0.00
238.000,34.56,34.1,34.6,34.9,3,1,1,5,0.00
239.000,34.42,34.4,33.9,35.0,2,2,0,4,0.00
240.000,34.84,34.0,32.9,37.7,3,1,2,6,0.00
241.000,34.34,33.4,34.8,34.8,3,1,1,5,0.00
242.000,34.27,33.5,34.3,35.0,2,2,0,4,0.00
243.000,34.98,33.7,33.4,37.8,3,1,2,6,0.00
244.000,34.26,33.2,34.9,34.7,3,1,1,5,0.00
245.000,34.21,33.6,34.1,35.0,2,2,0,4,0.00
246.000,35.18,33.6,33.5,38.4,3,1,2,6,0.00
247.000,34.35,33.6,34.5,35.0,3,1,1,5,0.00
248.000,34.05,33.5,33.7,35.0,2,2,0,4,0.00
249.000,34.91,34.0,32.9,37.8,3,1,1,5,0.00
250.000,35.74,33.7,34.4,39.1,3,1,1,5,0.00
251.000,34.36,33.4,34.7,35.0,2,2,0,4,0.00
252.000,35.08,33.9,33.4,38.0,3,1,1,5,0.00
253.000,34.42,33.7,34.5,35.1,3,1,1,5,0.00
254.000,34.31,33.7,34.2,35.0,2,2,0,4,0.00
255.000,34.46,34.4,33.1,35.8,3,1,1,5,0.00
256.000,35.16,34.1,34.6,36.8,3,1,1,5,0.00
257.000,35.15,34.2,34.4,36.8,2,1,1,4,0.00
258.000,34.13,34.6,31.8,36.0,3,1,2,6,0.00
259.000,34.04,34.2,34.9,33.0,3,1,1,5,0.00
260.000,34.29,34.2,33.7,35.0,2,2,0,4,0.00
261.000,35.24,34.1,33.2,38.4,3,1,2,6,0.00
262.000,34.19,33.4,34.7,34.5,3,1,1,5,0.00
263.000,34.28,33.8,34.1,35.0,2,2,0,4,0.00
264.000,34.41,34.0,33.3,35.9,3,1,1,5,0.00
265.000,34.20,33.6,34.3,34.7,3,1,1,5,0.00
266.000,34.41,33.9,34.7,34.7,2,1,1,4,0.00
267.000,35.54,33.7,34.1,38.8,3,1,2,6,0.00
268.000,34.51,33.6,34.9,35.1,3,1,1,5,0.00
269.000,34.02,33.5,33.5,35.0,2,2,0,4,0.00
270.000,34.77,33.7,33.5,37.1,3,1,1,5,0.00
271.000,35.76,33.4,34.8,39.1,3,1,1,5,0.00
272.000,34.43,34.0,34.3,35.0,2,2,0,4,0.00
273.000,34.77,34.1,32.8,37.4,3,1,1,5,0.00
274.000,34.85,33.7,34.1,36.7,3,1,1,5,0.00
275.000,34.03,33.4,33.6,35.0,2,2,0,4,0.00
276.000,34.92,33.8,33.2,37.9,3,1,1,5,0.00
277.000,36.11,33.7,34.8,39.8,3,1,1,5,0.00
278.000,34.59,34.0,34.7,35.0,2,2,0,4,0.00
279.000,35.03,34.1,33.0,38.0,3,1,1,5,0.00
280.000,35.71,33.4,34.9,38.8,3,1,1,5,0.00
281.000,34.33,33.5,34.4,35.0,2,2,0,4,0.00
282.000,34.76,33.9,33.0,37.4,3,1,1,5,0.00
283.000,35.93,33.8,34.7,39.3,3,1,1,5,0.00
284.000,34.58,34.2,34.6,35.0,2,2,0,4,0.00
285.000,34.78,34.3,32.6,37.4,3,1,1,5,0.00
286.000,35.44,33.5,34.9,38.0,3,1,1,5,0.00
287.000,34.38,33.5,34.7,35.0,2,2,0,4,0.00
288.000,34.17,34.1,32.6,35.8,3,1,1,5,0.00
289.000,35.45,33.8,34.9,37.6,3,1,1,5,0.00
290.000,34.64,34.3,34.6,35.0,2,2,0,4,0.00
291.000,34.52,34.6,33.0,36.0,3,1,1,5,0.00
292.000,34.22,33.3,34.3,35.0,3,1,1,5,0.00
293.000,34.14,33.9,33.5,35.0,2,2,0,4,0.00
294.000,34.40,34.2,32.9,36.1,3,1,1,5,0.00
295.000,34.07,33.8,34.1,34.4,3,1,1,5,0.00
296.000,34.09,33.4,34.5,34.4,2,1,1,4,0.00
297.000,34.49,34.1,33.5,35.9,3,1,1,5,0.00
298.000,34.24,33.4,34.9,34.4,3,1,1,5,0.00
299.000,34.46,34.0,34.9,34.4,2,1,1,4,0.00
300.000,35.29,33.9,34.2,37.8,3,1,2,6,0.00
301.000,34.58,33.9,34.9,34.9,3,1,1,5,0.00
302.000,34.41,34.5,33.7,35.0,2,2,0,4,0.00
303.000,35.25,34.5,33.2,38.1,3,1,2,6,0.00
304.000,34.24,34.2,33.9,34.7,3,1,1,5,0.00
305.000,34.09,34.3,33.0,35.0,2,2,0,4,0.00
306.000,34.09,34.2,32.5,35.5,3,1,1,5,0.00
307.000,34.27,34.0,35.0,33.8,3,1,1,5,0.00
308.000,34.05,33.4,34.9,33.8,2,1,1,4,0.00
309.000,35.22,34.0,34.4,37.2,3,1,2,6,0.00
310.000,34.11,33.8,34.6,33.9,3,1,1,5,0.00
311.000,34.26,33.9,33.9,35.0,2,2,0,4,0.00
312.000,34.27,33.8,32.6,36.4,3,1,1,5,0.00
313.000,34.44,33.8,34.1,35.5,3,1,1,5,0.00
314.000,34.65,34.0,34.5,35.5,2,1,1,4,0.00
315.000,35.19,34.4,33.3,37.9,3,1,2,6,0.00
316.000,34.38,34.2,34.7,34.2,3,1,1,5,0.00
317.000,34.29,33.8,34.1,35.0,2,2,0,4,0.00
318.000,34.93,34.1,33.4,37.3,3,1,1,5,0.00
319.000,36.09,34.0,34.5,39.8,3,1,1,5,0.00
320.000,34.63,34.0,34.8,35.0,2,2,0,4,0.00
321.000,35.02,34.3,33.0,37.7,3,1,1,5,0.00
322.000,34.92,33.7,34.6,36.5,3,1,1,5,0.00
323.000,34.16,33.9,33.6,35.0,2,2,0,4,0.00
324.000,34.59,34.2,33.5,36.0,3,1,1,5,0.00
325.000,35.26,33.7,34.7,37.4,3,1,1,5,0.00
326.000,34.47,33.8,34.7,35.0,2,2,0,4,0.00
327.000,35.59,34.5,32.9,39.4,3,1,1,5,0.00
328.000,35.71,34.2,34.9,38.1,3,1,1,5,0.00
329.000,34.17,33.5,34.0,35.0,2,2,0,4,0.00
330.000,34.51,33.7,33.4,36.5,3,1,1,5,0.00
331.000,35.22,33.3,34.5,37.8,3,1,1,5,0.00
332.000,34.42,33.6,34.7,35.0,2,2,0,4,0.00
333.000,35.42,34.4,32.7,39.2,3,1,1,5,0.00
334.000,35.51,34.1,34.7,37.7,3,1,1,5,0.00
335.000,34.45,34.3,34.0,35.0,2,2,0,4,0.00
336.000,34.48,33.8,32.8,36.8,3,1,1,5,0.00
337.000,35.38,33.7,34.5,37.9,3,1,1,5,0.00
338.000,34.54,33.8,34.8,35.0,2,2,0,4,0.00
339.000,34.38,34.3,32.8,36.0,3,1,1,5,0.00
340.000,35.13,33.9,34.6,36.9,3,1,1,5,0.00
341.000,34.37,33.9,34.2,35.0,2,2,0,4,0.00
342.000,33.58,34.1,31.8,34.8,3,1,1,5,0.00
343.000,33.83,33.5,34.8,33.2,3,1,1,5,0.00
344.000,33.67,33.5,34.3,33.2,2,1,1,4,0.00
345.000,35.19,33.7,33.8,38.1,3,1,2,6,0.00
346.000,34.25,33.6,34.4,34.7,3,1,1,5,0.00
347.000,34.19,33.7,33.9,35.0,2,2,0,4,0.00
348.000,34.91,34.2,32.7,37.8,3,1,2,6,0.00
349.000,34.37,33.9,34.5,34.7,3,1,1,5,0.00
350.000,34.28,34.3,33.6,35.0,2,2,0,4,0.00
351.000,34.77,34.0,33.0,37.4,3,1,2,6,0.00
352.000,34.27,33.8,34.8,34.1,3,1,1,5,0.00
353.000,34.26,34.2,33.6,35.0,2,2,0,4,0.00
354.000,35.30,34.0,33.3,38.6,3,1,2,6,0.00
355.000,34.64,33.9,35.0,35.0,3,1,1,5,0.00
356.000,34.49,33.9,34.6,35.0,2,2,0,4,0.00
357.000,35.05,34.1,34.0,37.0,3,1,1,5,0.00
358.000,34.36,33.8,33.9,35.3,3,1,1,5,0.00
359.000,34.39,34.0,33.8,35.3,2,1,1,4,0.00
360.000,34.91,33.9,33.2,37.6,3,1,2,6,0.00
361.000,34.11,33.9,34.4,34.0,3,1,1,5,0.00
362.000,34.44,34.3,34.1,35.0,2,2,0,4,0.00
363.000,34.80,33.8,34.4,36.2,3,1,1,5,0.00
364.000,34.95,33.3,34.5,37.0,3,1,1,5,0.00
365.000,34.55,33.9,34.7,35.0,2,2,0,4,0.00
366.000,35.64,34.2,32.8,39.9,3,1,2,6,0.00
367.000,34.82,33.7,35.4,35.3,3,1,1,5,0.00
368.000,34.34,33.7,34.3,35.0,2,2,0,4,0.00
369.000,35.18,34.1,33.8,37.6,3,1,1,5,0.00
370.000,36.09,33.9,34.5,39.9,3,1,1,5,0.00
371.000,34.51,33.3,35.2,35.0,2,2,0,4,0.00
372.000,34.84,33.9,33.5,37.2,3,1,1,5,0.00
373.000,35.99,33.6,34.7,39.7,3,1,1,5,0.00
374.000,34.43,33.5,34.8,35.0,2,2,0,4,0.00
375.000,34.98,34.2,33.0,37.7,3,1,1,5,0.00
376.000,36.13,33.8,34.7,39.9,3,1,1,5,0.00
377.000,34.35,33.4,34.7,35.0,2,2,0,4,0.00
378.000,34.44,33.8,31.6,38.0,3,1,1,5,0.00
379.000,34.83,33.2,34.3,37.0,3,1,1,5,0.00
380.000,34.14,33.5,33.9,35.0,2,2,0,4,0.00
381.000,34.65,34.2,34.3,35.5,3,1,1,5,0.00
382.000,33.98,33.8,34.0,34.1,3,1,1,5,0.00
383.000,34.30,33.9,34.9,34.1,2,1,1,4,0.00
384.000,34.82,34.1,34.2,36.1,3,1,1,5,0.00
385.000,34.79,34.3,35.0,35.1,3,1,1,5,0.00
386.000,34.54,34.5,34.0,35.1,2,1,1,4,0.00
387.000,35.08,34.4,33.2,37.7,3,1,2,6,0.00
388.000,34.31,33.3,34.6,35.0,3,1,1,5,0.00
389.000,34.01,33.2,33.9,35.0,2,2,0,4,0.00
390.000,34.91,34.1,33.3,37.3,3,1,1,5,0.00
391.000,36.23,33.9,34.9,39.8,3,1,1,5,0.00
392.000,34.72,34.3,34.9,35.0,2,2,0,4,0.00
393.000,35.07,34.2,33.3,37.7,3,1,1,5,0.00
394.000,35.81,33.7,35.0,38.8,3,1,1,5,0.00
395.000,34.50,33.9,34.6,35.0,2,2,0,4,0.00
396.000,35.08,33.8,33.7,37.8,3,1,1,5,0.00
397.000,34.27,33.3,34.7,34.8,3,1,1,5,0.00
398.000,34.09,33.3,34.0,35.0,2,2,0,4,0.00
399.000,34.59,34.1,34.2,35.4,3,1,1,5,0.00
400.000,35.45,33.6,34.7,38.0,3,1,1,5,0.00
401.000,34.54,34.0,34.6,35.0,2,2,0,4,0.00
402.000,35.13,34.5,32.4,38.4,3,1,2,6,0.00
403.000,34.52,33.8,35.3,34.4,3,1,1,5,0.00
404.000,34.47,34.1,34.3,35.0,2,2,0,4,0.00
405.000,35.34,34.0,34.1,38.0,3,1,1,5,0.00
406.000,36.09,33.8,34.7,39.8,3,1,1,5,0.00
407.000,34.57,34.1,34.6,35.0,2,2,0,4,0.00
408.000,35.07,34.1,32.4,38.7,3,1,1,5,0.00
409.000,35.21,33.4,34.6,37.6,3,1,1,5,0.00
410.000,34.57,34.0,34.7,35.0,2,2,0,4,0.00
411.000,35.60,34.4,32.8,39.6,3,1,1,5,0.00
412.000,35.97,34.1,35.1,38.7,3,1,1,5,0.00
413.000,34.64,34.3,34.6,35.0,2,2,0,4,0.00
414.000,35.03,34.1,33.6,37.4,3,1,1,5,0.00
415.000,34.72,33.6,34.1,36.5,3,1,1,5,0.00
416.000,34.06,33.4,33.8,35.0,2,2,0,4,0.00
417.000,34.48,34.2,34.3,34.9,3,1,1,5,0.00
418.000,33.91,34.1,34.7,33.0,3,1,1,5,0.00
419.000,33.68,33.9,34.2,33.0,2,1,1,4,0.00
420.000,35.01,34.0,32.8,38.2,3,1,2,6,0.00
421.000,34.84,34.4,34.9,35.3,3,1,1,5,0.00
422.000,34.23,34.3,33.4,35.0,2,2,0,4,0.00
423.000,34.75,34.5,32.2,37.5,3,1,2,6,0.00
424.000,35.39,33.7,35.0,37.5,3,0,2,5,0.00
425.000,34.47,34.2,34.2,35.0,2,2,0,4,0.00
426.000,34.80,34.3,33.6,36.5,3,1,1,5,0.00
427.000,35.31,33.8,34.9,37.2,3,1,1,5,0.00
428.000,34.41,33.7,34.5,35.0,2,2,0,4,0.00
429.000,35.35,34.0,32.5,39.6,3,1,2,6,0.00
430.000,34.69,33.8,35.3,34.9,3,1,1,5,0.00
431.000,34.40,33.9,34.3,35.0,2,2,0,4,0.00
432.000,34.66,33.9,33.2,36.9,3,1,1,5,0.00
433.000,34.69,33.4,34.6,36.1,3,1,1,5,0.00
434.000,34.87,34.4,34.2,36.1,2,1,1,4,0.00
435.000,34.86,34.2,33.5,36.9,3,1,2,6,0.00
436.000,34.30,34.0,35.0,34.0,3,1,1,5,0.00
437.000,34.48,33.9,34.5,35.0,2,2,0,4,0.00
438.000,34.82,34.0,34.1,36.4,3,1,1,5,0.00
439.000,35.19,33.8,34.6,37.2,3,1,1,5,0.00
440.000,34.33,33.3,34.7,35.0,2,2,0,4,0.00
441.000,35.00,34.0,32.6,38.4,3,1,2,6,0.00
442.000,34.10,33.3,34.9,34.1,3,1,1,5,0.00
443.000,34.34,33.8,34.2,35.0,2,2,0,4,0.00
444.000,35.02,33.7,34.4,36.9,3,1,1,5,0.00
445.000,34.46,33.3,34.9,35.1,3,1,1,5,0.00
446.000,34.58,34.5,34.1,35.1,2,1,1,4,0.00
447.000,35.20,34.0,33.1,38.5,3,1,2,6,0.00
448.000,34.58,33.7,34.7,35.3,3,1,1,5,0.00
449.000,34.19,33.9,33.7,35.0,2,2,0,4,0.00
450.000,34.24,33.9,33.2,35.6,3,1,1,5,0.00
451.000,35.22,33.7,34.7,37.2,3,1,1,5,0.00
452.000,34.60,34.1,34.7,35.0,2,2,0,4,0.00
453.000,34.05,34.2,32.5,35.4,3,1,1,5,0.00
454.000,35.36,34.2,34.8,37.1,3,1,1,5,0.00
455.000,34.71,34.4,34.8,35.0,2,2,0,4,0.00
456.000,34.22,34.1,32.8,35.8,3,1,1,5,0.00
457.000,35.31,33.7,34.7,37.5,3,1,1,5,0.00
458.000,34.58,34.1,34.6,35.0,2,2,0,4,0.00
459.000,35.65,34.4,32.7,39.8,3,1,1,5,0.00
460.000,35.90,33.6,35.3,38.8,3,1,1,5,0.00
461.000,34.17,33.1,34.4,35.0,2,2,0,4,0.00
462.000,34.82,33.8,33.5,37.1,3,1,1,5,0.00
463.000,36.10,33.6,34.7,39.9,3,1,1,5,0.00
464.000,34.59,34.1,34.7,35.0,2,2,0,4,0.00
465.000,35.16,33.8,32.6,39.1,3,1,1,5,0.00
466.000,34.98,33.3,34.8,36.8,3,1,1,5,0.00
467.000,34.26,33.5,34.3,35.0,2,2,0,4,0.00
468.000,34.54,34.3,33.3,36.0,3,1,1,5,0.00
469.000,34.27,33.9,34.3,34.6,3,1,1,5,0.00
470.000,34.25,34.1,33.7,35.0,2,2,0,4,0.00
471.000,35.22,34.2,33.4,38.0,3,1,2,6,0.00
472.000,34.31,34.2,34.1,34.6,3,1,1,5,0.00
473.000,34.20,33.8,33.8,35.0,2,2,0,4,0.00
474.000,35.07,34.1,33.0,38.1,3,1,2,6,0.00
475.000,34.57,33.7,34.8,35.2,3,1,1,5,0.00
476.000,34.05,33.6,33.5,35.0,2,2,0,4,0.00
477.000,34.83,34.0,32.8,37.7,3,1,2,6,0.00
478.000,34.67,33.6,34.9,35.4,3,1,1,5,0.00
479.000,34.09,33.7,33.6,35.0,2,2,0,4,0.00
480.000,34.94,33.5,33.3,37.9,3,1,2,6,0.00
481.000,33.99,33.6,34.5,33.9,3,1,1,5,0.00
482.000,33.98,33.4,33.5,35.0,2,2,0,4,0.00
483.000,34.39,34.0,33.7,35.5,3,1,1,5,0.00
484.000,35.39,34.4,34.7,37.2,3,1,1,5,0.00
485.000,34.61,34.0,34.8,35.0,2,2,0,4,0.00
486.000,34.68,34.1,32.8,37.2,3,1,2,6,0.00
487.000,34.24,33.5,34.6,34.6,3,1,1,5,0.00
488.000,33.90,33.3,33.4,35.0,2,2,0,4,0.00
489.000,35.18,34.2,33.0,38.3,3,1,2,6,0.00
490.000,34.54,34.4,34.5,34.8,3,1,1,5,0.00
491.000,34.23,34.4,33.3,35.0,2,2,0,4,0.00
492.000,34.61,33.8,33.2,36.8,3,1,1,5,0.00
493.000,36.12,33.8,34.9,39.6,3,1,1,5,0.00
494.000,34.53,34.0,34.6,35.0,2,2,0,4,0.00
495.000,34.97,34.0,32.4,38.5,3,1,2,6,0.00
496.000,34.07,33.3,34.3,34.6,3,1,1,5,0.00
497.000,34.34,34.2,33.8,35.0,2,2,0,4,0.00
498.000,34.79,34.3,33.1,37.0,3,1,1,5,0.00
499.000,35.78,33.4,34.6,39.3,3,1,1,5,0.00
500.000,34.28,33.5,34.4,35.0,2,2,0,4,0.00
501.000,34.78,34.3,32.5,37.5,3,1,1,5,0.00
502.000,34.82,33.9,34.0,36.5,3,1,1,5,0.00
503.000,33.98,33.4,33.6,35.0,2,2,0,4,0.00
504.000,34.23,33.9,33.3,35.5,3,1,1,5,0.00
505.000,35.25,33.7,34.6,37.5,3,1,1,5,0.00
506.000,34.43,33.6,34.7,35.0,2,2,0,4,0.00
507.000,34.28,34.1,32.8,35.9,3,1,1,5,0.00
508.000,34.29,34.2,34.8,33.8,3,1,1,5,0.00
509.000,34.06,33.3,33.9,35.0,2,2,0,4,0.00
510.000,34.30,33.8,32.5,36.6,3,1,1,5,0.00
511.000,34.24,33.6,34.3,34.8,3,1,1,5,0.00
512.000,34.47,33.7,34.9,34.8,2,1,1,4,0.00
513.000,34.96,34.3,33.2,37.3,3,1,2,6,0.00
514.000,34.37,33.8,34.7,34.6,3,1,1,5,0.00
515.000,34.00,33.3,33.7,35.0,2,2,0,4,0.00
516.000,34.97,33.9,33.9,37.2,3,1,2,6,0.00
517.000,34.49,33.8,35.0,34.7,3,1,1,5,0.00
518.000,33.96,33.5,33.4,35.0,2,2,0,4,0.00
519.000,35.20,33.9,33.2,38.5,3,1,2,6,0.00
520.000,34.77,34.1,34.8,35.3,3,1,1,5,0.00
521.000,34.25,34.0,33.8,35.0,2,2,0,4,0.00
522.000,35.28,33.7,33.4,38.8,3,1,2,6,0.00
523.000,34.59,33.3,35.0,35.5,3,1,1,5,0.00
524.000,34.28,33.7,34.1,35.0,2,2,0,4,0.00
525.000,34.91,34.3,33.4,37.0,3,1,1,5,0.00
526.000,36.09,34.1,34.6,39.6,3,1,1,5,0.00
527.000,34.45,33.9,34.4,35.0,2,2,0,4,0.00
528.000,34.81,33.8,32.6,38.1,3,1,2,6,0.00
529.000,34.14,33.7,34.5,34.2,3,1,1,5,0.00
530.000,34.30,34.1,33.8,35.0,2,2,0,4,0.00
531.000,35.02,34.2,33.9,36.9,3,1,1,5,0.00
532.000,35.58,33.7,34.4,38.6,3,1,1,5,0.00
533.000,34.40,33.7,34.5,35.0,2,2,0,4,0.00
534.000,34.79,34.2,32.9,37.4,3,1,1,5,0.00
535.000,34.86,34.3,34.3,36.0,3,1,1,5,0.00
536.000,34.61,33.4,34.4,36.0,2,1,1,4,0.00
537.000,34.74,33.6,33.2,37.4,3,1,2,6,0.00
538.000,34.23,33.4,34.5,34.8,3,1,1,5,0.00
539.000,34.14,34.0,33.4,35.0,2,2,0,4,0.00
540.000,34.69,34.1,32.6,37.3,3,1,2,6,0.00
541.000,34.16,33.7,34.3,34.5,3,1,1,5,0.00
542.000,34.17,33.5,34.1,35.0,2,2,0,4,0.00
543.000,34.67,34.3,33.7,36.0,3,1,1,5,0.00
544.000,34.29,33.9,34.5,34.4,3,1,1,5,0.00
545.000,34.35,33.8,34.8,34.4,2,1,1,4,0.00
546.000,34.69,34.3,34.1,35.7,3,1,1,5,0.00
547.000,34.10,33.6,34.7,34.0,3,1,1,5,0.00
548.000,34.25,34.5,34.2,34.0,2,1,1,4,0.00
549.000,35.15,34.2,33.4,37.9,3,1,2,6,0.00
550.000,35.59,33.9,35.0,37.9,3,0,2,5,0.00
551.000,34.32,33.9,34.0,35.0,2,2,0,4,0.00
552.000,34.67,33.8,33.1,37.0,3,1,1,5,0.00
553.000,36.15,33.8,35.0,39.7,3,1,1,5,0.00
554.000,34.62,34.0,34.8,35.0,2,2,0,4,0.00
555.000,35.33,34.3,33.1,38.6,3,1,1,5,0.00
556.000,35.30,34.0,34.6,37.3,3,1,1,5,0.00
557.000,34.55,33.7,35.0,35.0,2,2,0,4,0.00
558.000,34.24,33.8,33.0,36.0,3,1,1,5,0.00
559.000,33.94,33.3,34.4,34.2,3,1,1,5,0.00
560.000,34.08,33.4,33.9,35.0,2,2,0,4,0.00
561.000,34.13,33.4,33.4,35.6,3,1,1,5,0.00
562.000,34.17,33.7,34.6,34.2,3,1,1,5,0.00
563.000,34.37,34.1,34.8,34.2,2,1,1,4,0.00
564.000,34.96,34.2,33.2,37.5,3,1,2,6,0.00
565.000,34.41,34.0,34.5,34.7,3,1,1,5,0.00
566.000,34.26,33.8,34.0,35.0,2,2,0,4,0.00
567.000,35.52,33.9,34.0,38.6,3,1,2,6,0.00
568.000,34.46,34.1,34.5,34.8,3,1,1,5,0.00
569.000,34.38,34.1,34.1,35.0,2,2,0,4,0.00
570.000,34.60,33.7,33.8,36.3,3,1,1,5,0.00
571.000,34.38,33.7,34.0,35.4,3,1,1,5,0.00
572.000,34.48,34.2,33.8,35.4,2,1,1,4,0.00
573.000,34.69,34.5,32.8,36.8,3,1,2,6,0.00
574.000,35.21,33.8,35.0,36.8,3,0,2,5,0.00
575.000,34.31,33.6,34.3,35.0,2,2,0,4,0.00
576.000,35.30,34.0,33.7,38.2,3,1,2,6,0.00
577.000,34.26,33.7,34.6,34.5,3,1,1,5,0.00
578.000,34.26,33.8,33.9,35.0,2,2,0,4,0.00
579.000,34.31,33.8,33.6,35.5,3,1,1,5,0.00
580.000,35.11,33.7,34.4,37.2,3,1,1,5,0.00
581.000,34.44,33.5,34.8,35.0,2,2,0,4,0.00
582.000,34.87,33.9,33.0,37.7,3,1,2,6,0.00
583.000,35.33,33.3,35.0,37.7,3,0,2,5,0.00
584.000,34.06,33.3,33.8,35.0,2,2,0,4,0.00
585.000,35.03,34.1,33.5,37.5,3,1,1,5,0.00
586.000,34.31,33.8,34.7,34.5,3,1,1,5,0.00
587.000,34.17,33.4,34.1,35.0,2,2,0,4,0.00
588.000,34.34,33.8,33.4,35.9,3,1,1,5,0.00
589.000,33.92,33.6,34.3,33.9,3,1,1,5,0.00
590.000,33.66,33.4,33.7,33.9,2,1,1,4,0.00
591.000,35.22,34.1,33.2,38.4,3,1,2,6,0.00
592.000,35.62,33.5,35.0,38.4,3,0,2,5,0.00
593.000,34.33,34.0,34.0,35.0,2,2,0,4,0.00
594.000,35.06,34.3,32.9,38.0,3,1,1,5,0.00
595.000,34.53,33.7,34.8,35.1,3,1,1,5,0.00
596.000,34.18,33.4,34.1,35.0,2,2,0,4,0.00
597.000,34.45,33.6,33.9,35.8,3,1,1,5,0.00
598.000,35.26,33.5,34.5,37.8,3,1,1,5,0.00
599.000,34.53,33.7,34.9,35.0,2,2,0,4,0.00
600.000,34.86,34.1,33.0,37.5,3,1,2,6,0.00
601.000,34.48,34.1,34.7,34.7,3,1,1,5,0.00
602.000,34.11,33.7,33.7,35.0,2,2,0,4,0.00
603.000,34.61,34.2,33.3,36.4,3,1,1,5,0.00
604.000,34.37,33.4,34.7,35.0,3,1,1,5,0.00
605.000,34.14,33.3,34.1,35.0,2,1,1,4,0.00
606.000,34.73,33.8,32.9,37.5,3,1,2,6,0.00
607.000,34.30,33.4,34.5,34.9,3,1,1,5,0.00
608.000,34.02,33.8,33.2,35.0,2,2,0,4,0.00
609.000,35.25,34.3,32.9,38.5,3,1,2,6,0.00
610.000,34.57,33.9,34.5,35.2,3,1,1,5,0.00
611.000,34.29,34.0,33.9,35.0,2,2,0,4,0.00
612.000,34.62,33.8,32.9,37.1,3,1,1,5,0.00
613.000,34.58,33.7,33.8,36.2,3,1,1,5,0.00
614.000,34.67,34.0,33.8,36.2,2,1,1,4,0.00
615.000,34.47,33.6,33.2,36.6,3,1,2,6,0.00
616.000,34.01,33.5,34.6,34.0,3,1,1,5,0.00
617.000,34.40,34.4,33.8,35.0,2,2,0,4,0.00
618.000,35.04,34.2,33.2,37.7,3,1,2,6,0.00
619.000,34.52,34.1,34.6,34.8,3,1,1,5,0.00
620.000,34.22,34.2,33.5,35.0,2,2,0,4,0.00
621.000,34.83,34.2,32.9,37.3,3,1,2,6,0.00
622.000,34.29,33.8,34.4,34.7,3,1,1,5,0.00
623.000,34.25,33.5,34.2,35.0,2,2,0,4,0.00
624.000,34.97,34.3,34.1,36.6,3,1,1,5,0.00
625.000,35.37,34.3,34.4,37.5,3,1,1,5,0.00
626.000,34.60,34.1,34.7,35.0,2,2,0,4,0.00
627.000,34.13,34.3,32.6,35.6,3,1,1,5,0.00
628.000,33.85,34.1,33.9,33.6,3,1,1,5,0.00
629.000,34.25,33.9,33.8,35.0,2,2,0,4,0.00
630.000,35.17,34.0,33.7,37.7,3,1,1,5,0.00
631.000,35.89,33.8,34.7,39.2,3,1,1,5,0.00
632.000,34.37,33.4,34.7,35.0,2,2,0,4,0.00
633.000,34.44,33.6,32.6,37.1,3,1,1,5,0.00
634.000,34.38,33.5,34.3,35.3,3,1,1,5,0.00
635.000,34.03,33.4,33.7,35.0,2,2,0,4,0.00
636.000,35.12,34.1,33.1,38.1,3,1,2,6,0.00
637.000,34.34,33.8,34.6,34.7,3,1,1,5,0.00
638.000,34.09,33.6,33.6,35.0,2,2,0,4,0.00
639.000,35.23,34.4,32.8,38.4,3,1,2,6,0.00
640.000,34.87,34.3,35.0,35.3,3,1,1,5,0.00
641.000,34.33,34.2,33.7,35.0,2,2,0,4,0.00
642.000,34.71,33.7,33.4,37.0,3,1,1,5,0.00
643.000,35.70,33.4,34.8,38.9,3,1,1,5,0.00
644.000,34.29,33.8,34.1,35.0,2,2,0,4,0.00
645.000,34.62,34.0,32.3,37.6,3,1,1,5,0.00
646.000,34.61,34.3,34.9,34.6,3,1,1,5,0.00
647.000,34.29,34.1,33.8,35.0,2,2,0,4,0.00
648.000,34.97,34.3,33.3,37.4,3,1,1,5,0.00
649.000,35.93,34.1,34.9,38.8,3,1,1,5,0.00
650.000,34.53,34.1,34.5,35.0,2,2,0,4,0.00
651.000,35.10,33.9,33.6,37.8,3,1,1,5,0.00
652.000,35.87,33.7,34.9,39.0,3,1,1,5,0.00
653.000,34.40,33.5,34.7,35.0,2,2,0,4,0.00
654.000,34.88,33.6,33.3,37.7,3,1,1,5,0.00
655.000,35.83,33.8,34.6,39.1,3,1,1,5,0.00
656.000,34.42,33.9,34.3,35.0,2,2,0,4,0.00
657.000,34.91,33.9,32.4,38.5,3,1,2,6,0.00
658.000,34.70,33.8,34.8,35.5,3,1,1,5,0.00
659.000,34.18,33.9,33.7,35.0,2,2,0,4,0.00
660.000,34.28,33.6,32.7,36.5,3,1,1,5,0.00
661.000,34.36,33.1,34.3,35.6,3,1,1,5,0.00
662.000,34.72,33.8,34.7,35.6,2,1,1,4,0.00
663.000,34.87,33.8,33.9,36.9,3,1,1,5,0.00
664.000,35.87,33.5,34.6,39.5,3,1,1,5,0.00
665.000,34.55,34.1,34.5,35.0,2,2,0,4,0.00
666.000,34.76,34.0,32.9,37.3,3,1,1,5,0.00
667.000,35.75,33.3,34.7,39.3,3,1,1,5,0.00
668.000,34.44,33.5,34.8,35.0,2,2,0,4,0.00
669.000,34.75,33.6,33.2,37.4,3,1,1,5,0.00
670.000,35.78,33.3,34.7,39.4,3,1,1,5,0.00
671.000,34.35,33.6,34.4,35.0,2,2,0,4,0.00
672.000,35.07,34.4,32.5,38.4,3,1,1,5,0.00
673.000,35.12,33.5,34.9,37.0,3,1,1,5,0.00
674.000,34.33,33.3,34.7,35.0,2,2,0,4,0.00
675.000,35.50,33.8,33.0,39.7,3,1,1,5,0.00
676.000,35.30,33.7,35.2,37.0,3,1,1,5,0.00
677.000,34.37,33.4,34.8,35.0,2,2,0,4,0.00
678.000,35.27,34.1,32.6,39.1,3,1,1,5,0.00
679.000,35.32,34.1,34.6,37.3,3,1,1,5,0.00
680.000,34.26,33.9,33.9,35.0,2,2,0,4,0.00
681.000,35.27,33.7,34.2,37.9,3,1,1,5,0.00
682.000,34.40,33.9,34.4,34.9,3,1,1,5,0.00
683.000,34.30,33.7,34.2,34.9,2,1,1,4,0.00
684.000,35.35,34.5,33.8,37.8,3,1,1,5,0.00
685.000,36.10,34.0,34.4,39.9,3,1,1,5,0.00
686.000,34.55,33.6,35.1,35.0,2,2,0,4,0.00
687.000,35.19,33.8,33.0,38.7,3,1,1,5,0.00
688.000,34.82,33.5,34.3,36.7,3,1,1,5,0.00
689.000,33.96,33.1,33.8,35.0,2,2,0,4,0.00
690.000,34.23,33.5,33.8,35.4,3,1,1,5,0.00
691.000,35.21,33.9,34.5,37.2,3,1,1,5,0.00
692.000,34.49,33.9,34.5,35.0,2,2,0,4,0.00
693.000,35.25,34.2,32.7,38.9,3,1,1,5,0.00
694.000,35.17,34.0,34.4,37.2,3,1,1,5,0.00
695.000,33.98,33.6,33.3,35.0,2,2,0,4,0.00
696.000,34.92,33.7,33.6,37.4,3,1,1,5,0.00
697.000,36.04,33.4,34.7,40.0,3,1,1,5,0.00
698.000,34.62,33.9,35.0,35.0,2,2,0,4,0.00
699.000,35.10,34.4,32.0,39.0,3,1,1,5,0.00
700.000,35.20,33.7,34.8,37.1,3,1,1,5,0.00
701.000,34.31,33.3,34.7,35.0,2,2,0,4,0.00
702.000,34.19,33.8,32.9,35.8,3,1,1,5,0.00
703.000,35.05,33.7,34.6,36.9,3,1,1,5,0.00
704.000,34.51,34.0,34.5,35.0,2,2,0,4,0.00
705.000,34.81,34.3,32.6,37.5,3,1,2,6,0.00
706.000,34.42,33.8,34.4,35.0,3,1,1,5,0.00
707.000,34.23,34.0,33.7,35.0,2,2,0,4,0.00
708.000,33.95,33.9,32.7,35.2,3,1,1,5,0.00
709.000,33.93,33.4,34.7,33.6,3,1,1,5,0.00
710.000,33.71,33.5,34.0,33.6,2,1,1,4,0.00
711.000,35.36,34.3,33.1,38.6,3,1,2,6,0.00
712.000,34.58,33.9,34.6,35.2,3,1,1,5,0.00
713.000,33.84,33.3,33.2,35.0,2,2,0,4,0.00
714.000,34.21,34.1,32.7,35.8,3,1,1,5,0.00
715.000,35.39,34.0,34.7,37.4,3,1,1,5,0.00
716.000,34.64,34.4,34.5,35.0,2,2,0,4,0.00
717.000,35.36,34.0,32.4,39.7,3,1,2,6,0.00
718.000,34.72,33.8,35.2,35.2,3,1,1,5,0.00
719.000,34.43,33.6,34.6,35.0,2,2,0,4,0.00
720.000,35.25,33.9,34.5,37.4,3,1,1,5,0.00
721.000,34.57,33.8,34.2,35.7,3,1,1,5,0.00
722.000,34.20,33.9,33.7,35.0,2,2,0,4,0.00
723.000,35.07,34.3,33.0,38.0,3,1,2,6,0.00
724.000,34.57,34.3,34.9,34.5,3,1,1,5,0.00
725.000,34.15,33.5,34.0,35.0,2,2,0,4,0.00
726.000,34.91,34.4,32.4,38.0,3,1,2,6,0.00
727.000,34.82,34.2,35.0,35.3,3,1,1,5,0.00
728.000,34.23,33.9,33.8,35.0,2,2,0,4,0.00
729.000,35.14,34.6,32.8,37.9,3,1,2,6,0.00
730.000,34.42,34.0,34.8,34.4,3,1,1,5,0.00
731.000,33.97,33.3,33.6,35.0,2,2,0,4,0.00
732.000,34.89,33.9,33.0,37.8,3,1,1,5,0.00
733.000,35.83,33.6,34.5,39.3,3,1,1,5,0.00
734.000,34.69,34.1,34.9,35.0,2,2,0,4,0.00
735.000,34.94,34.0,33.5,37.3,3,1,1,5,0.00
736.000,35.31,33.5,34.8,37.6,3,1,1,5,0.00
737.000,34.21,33.1,34.5,35.0,2,2,0,4,0.00
738.000,35.16,34.1,32.6,38.8,3,1,1,5,0.00
739.000,35.26,33.8,34.5,37.4,3,1,1,5,0.00
740.000,33.95,32.2,34.6,35.0,2,2,0,4,0.00
741.000,33.22,31.1,32.8,35.8,3,1,1,5,0.00
742.000,31.61,26.8,34.1,33.9,3,1,1,5,0.00
743.000,29.96,22.9,32.0,35.0,3,2,0,5,0.00
744.000,30.16,22.8,30.2,37.5,4,1,2,7,0.00
745.000,31.84,23.0,35.0,37.5,4,0,2,6,0.00
746.000,29.24,22.2,30.5,35.0,4,2,0,6,0.00
747.000,29.72,22.9,28.3,38.0,4,1,2,7,0.00
748.000,32.14,23.7,34.7,38.1,4,1,1,6,0.00
749.000,30.25,23.8,32.0,35.0,4,2,0,6,0.00
750.000,30.09,25.2,30.1,35.0,4,1,2,7,0.00
751.000,31.62,26.2,32.5,36.1,4,1,1,6,0.00
752.000,30.38,25.2,30.9,35.0,4,2,0,6,0.00
753.000,30.60,25.3,29.3,37.2,4,1,2,7,0.00
754.000,31.33,24.9,29.2,39.9,3,2,1,6,0.00
755.000,30.40,25.1,31.1,35.0,3,2,0,5,0.00
756.000,31.81,26.4,31.5,37.5,4,1,2,7,0.00
757.000,33.29,27.4,33.7,38.8,4,1,1,6,0.00
758.000,31.67,27.1,32.9,35.0,4,2,0,6,0.00
759.000,31.95,27.4,30.0,38.4,4,1,2,7,0.00
760.000,33.65,26.7,35.0,39.3,4,1,1,6,0.00
761.000,31.55,26.6,33.1,35.0,3,2,0,5,0.00
762.000,32.50,28.6,30.1,38.7,3,1,2,6,0.00
763.000,34.20,28.1,34.7,39.8,4,1,1,6,0.00
764.000,32.18,27.8,33.7,35.0,3,2,0,5,0.00
765.000,32.29,28.8,30.2,37.9,3,1,2,6,0.00
766.000,33.78,28.8,34.5,38.1,4,1,1,6,0.00
767.000,31.44,27.0,32.3,35.0,3,2,0,5,0.00
768.000,31.42,28.3,30.2,35.7,3,1,2,6,0.00
769.000,33.11,28.6,35.0,35.7,4,0,2,6,0.00
770.000,31.70,28.7,31.4,35.0,3,2,0,5,0.00
771.000,31.76,29.3,29.7,36.3,3,1,2,6,0.00
772.000,33.91,30.5,35.0,36.3,4,0,2,6,0.00
773.000,32.74,31.2,32.0,35.0,3,2,0,5,0.00
774.000,33.19,31.8,30.8,36.9,3,1,2,6,0.00
775.000,34.68,32.1,35.0,36.9,4,0,2,6,0.00
776.000,33.25,32.9,31.9,35.0,3,2,0,5,0.00
777.000,33.11,32.7,29.6,37.0,3,1,2,6,0.00
778.000,34.90,32.7,35.0,37.0,3,0,2,5,0.00
779.000,33.59,33.4,32.3,35.0,3,2,0,5,0.00
780.000,34.26,33.9,32.1,36.8,3,1,2,6,0.00
781.000,34.24,33.4,34.4,34.9,3,1,1,5,0.00
782.000,34.23,34.2,33.5,35.0,2,2,0,4,0.00
783.000,34.91,33.8,32.6,38.3,3,1,2,6,0.00
784.000,35.66,33.6,35.0,38.3,3,0,2,5,0.00
785.000,34.16,33.5,33.9,35.0,2,2,0,4,0.00
786.000,34.68,34.1,33.4,36.5,3,1,1,5,0.00
787.000,34.84,34.2,34.8,35.5,3,1,1,5,0.00
788.000,34.78,34.0,34.8,35.5,2,1,1,4,0.00
789.000,34.94,34.1,33.8,37.0,3,1,1,5,0.00
790.000,35.98,33.9,34.6,39.4,3,1,1,5,0.00
791.000,34.45,33.7,34.7,35.0,2,2,0,4,0.00
792.000,34.69,34.2,32.6,37.3,3,1,1,5,0.00
793.000,35.25,33.7,34.7,37.3,3,1,1,5,0.00
794.000,34.68,34.4,34.7,35.0,2,2,0,4,0.00
795.000,35.70,34.2,33.0,39.8,3,1,2,6,0.00
796.000,34.78,33.6,35.4,35.3,3,1,1,5,0.00
797.000,34.42,33.4,34.9,35.0,2,2,0,4,0.00
798.000,34.99,33.7,34.1,37.2,3,1,1,5,0.00
799.000,34.43,33.5,35.0,34.8,3,1,1,5,0.00
800.000,34.44,33.9,34.5,35.0,2,2,0,4,0.00
801.000,34.97,34.0,33.9,37.0,3,1,1,5,0.00
802.000,34.68,33.7,34.5,35.8,3,1,1,5,0.00
803.000,34.75,33.7,34.8,35.8,2,1,1,4,0.00
804.000,34.31,34.3,33.3,35.3,3,1,1,5,0.00
805.000,34.29,34.3,34.2,34.4,3,1,1,5,0.00
806.000,34.13,33.9,34.1,34.4,2,1,1,4,0.00
807.000,34.54,34.1,32.4,37.2,3,1,2,6,0.00
808.000,35.29,33.7,35.0,37.2,3,0,2,5,0.00
809.000,34.15,33.8,33.7,35.0,2,2,0,4,0.00
810.000,35.14,34.5,32.6,38.3,3,1,2,6,0.00
811.000,35.72,33.8,35.0,38.3,3,0,2,5,0.00
812.000,34.02,33.5,33.6,35.0,2,2,0,4,0.00
813.000,35.56,33.8,34.3,38.5,3,1,2,6,0.00
814.000,34.46,33.6,34.7,35.1,3,1,1,5,0.00
815.000,34.01,33.2,33.8,35.0,2,2,0,4,0.00
816.000,34.69,34.1,32.7,37.3,3,1,1,5,0.00
817.000,36.21,34.3,35.0,39.3,3,1,1,5,0.00
818.000,34.60,34.3,34.5,35.0,2,2,0,4,0.00
819.000,34.90,34.2,32.9,37.6,3,1,1,5,0.00
820.000,35.12,33.2,34.7,37.4,3,1,1,5,0.00
821.000,34.52,33.9,34.7,35.0,2,2,0,4,0.00
822.000,35.45,34.3,32.7,39.4,3,1,1,5,0.00
823.000,35.53,33.8,34.9,37.9,3,1,1,5,0.00
824.000,33.89,31.9,34.8,35.0,2,2,0,4,0.00
825.000,34.01,30.2,32.7,39.2,3,1,1,5,0.00
826.000,32.84,26.1,34.9,37.5,3,1,1,5,0.00
827.000,30.73,24.5,32.7,35.0,3,2,0,5,0.00
828.000,32.00,26.5,32.9,36.6,3,1,2,6,0.00
829.000,32.22,25.5,34.0,37.1,4,1,1,6,0.00
830.000,29.83,22.6,31.9,35.0,3,2,0,5,0.00
831.000,30.67,23.0,30.6,38.4,4,1,2,7,0.00
832.000,32.73,23.7,34.7,39.7,4,1,1,6,0.00
833.000,30.21,22.9,32.8,35.0,4,2,0,6,0.00
834.000,30.57,24.1,29.7,37.9,4,1,2,7,0.00
835.000,32.82,25.2,35.0,38.3,4,1,1,6,0.00
836.000,31.12,24.7,33.6,35.0,4,2,0,6,0.00
837.000,31.12,25.4,30.1,37.8,4,1,2,7,0.00
838.000,32.74,26.0,33.3,38.9,4,1,1,6,0.00
839.000,30.39,24.5,31.6,35.0,3,2,0,5,0.00
840.000,31.39,25.4,30.8,38.0,4,1,2,7,0.00
841.000,32.88,25.5,34.4,38.7,4,1,1,6,0.00
842.000,31.04,25.5,32.6,35.0,3,2,0,5,0.00
843.000,30.78,26.9,29.7,35.7,4,1,2,7,0.00
844.000,31.84,27.0,32.5,36.0,4,1,1,6,0.00
845.000,30.58,26.1,30.6,35.0,3,2,0,5,0.00
846.000,29.71,26.7,28.1,34.3,4,1,2,7,0.00
847.000,31.98,26.7,35.0,34.3,4,0,2,6,0.00
848.000,30.45,27.0,29.4,35.0,3,2,0,5,0.00
849.000,30.96,27.7,27.9,37.3,4,1,2,7,0.00
850.000,32.37,28.4,31.2,37.4,3,2,1,6,0.00
851.000,32.13,28.7,32.7,35.0,3,2,0,5,0.00
852.000,33.46,29.0,33.9,37.4,4,1,2,7,0.00
853.000,34.51,29.7,34.4,39.5,4,1,1,6,0.00
854.000,32.51,29.2,33.4,35.0,3,2,0,5,0.00
855.000,32.17,28.3,32.5,35.7,3,1,2,6,0.00
856.000,32.37,26.4,35.0,35.7,4,0,2,6,0.00
857.000,30.38,22.7,33.5,35.0,4,2,0,6,0.00
858.000,30.50,21.2,32.7,37.7,5,1,2,8,0.00
859.000,31.31,21.0,34.7,38.2,5,1,1,7,0.00
860.000,28.57,17.2,33.5,35.0,5,2,0,7,0.00
861.000,28.63,17.9,29.9,38.1,5,1,2,8,0.00
862.000,30.34,17.2,34.8,39.1,6,1,1,8,0.00
863.000,27.59,14.1,33.7,35.0,6,2,0,8,3.35
864.000,27.79,15.6,30.1,37.7,6,1,2,9,0.00
865.000,29.06,14.7,34.5,38.0,7,1,1,9,7.61
866.000,26.55,11.1,33.5,35.0,7,2,0,9,10.81
867.000,26.47,12.7,30.0,36.7,7,1,2,10,7.72
868.000,27.23,12.3,32.5,36.9,8,1,1,10,7.29
869.000,25.32,9.6,31.3,35.0,8,2,0,10,19.86
870.000,26.54,10.7,31.0,37.9,8,1,2,11,14.37
871.000,27.72,10.6,34.5,38.1,9,1,1,11,10.68
872.000,25.56,8.9,32.8,35.0,8,2,0,10,21.16
873.000,26.21,9.9,31.1,37.6,9,1,2,12,12.79
874.000,27.09,10.5,33.8,36.9,9,1,1,11,29.59
875.000,25.10,9.2,31.1,35.0,9,2,0,11,15.90
876.000,25.04,8.9,28.4,37.8,9,1,2,12,39.54
877.000,26.75,8.9,31.5,39.8,10,1,1,12,48.84
878.000,25.79,8.3,30.3,38.7,9,2,1,12,43.46
879.000,24.54,7.7,27.1,38.7,9,2,1,12,20.78
880.000,25.68,9.9,32.7,34.5,10,1,1,12,31.80
881.000,24.58,8.4,30.4,35.0,10,2,0,12,32.29
882.000,23.80,8.7,27.9,34.8,10,1,2,13,33.89
883.000,23.67,7.6,27.3,36.0,10,2,1,13,38.56
884.000,23.90,7.7,28.5,35.5,10,2,1,13,39.18
885.000,22.24,7.3,24.0,35.5,10,2,1,13,51.63
886.000,21.39,7.5,25.0,31.7,10,2,1,13,42.40
887.000,21.64,6.9,24.7,33.4,11,1,2,14,42.00
888.000,22.10,5.5,22.0,38.8,10,2,1,13,42.08
889.000,20.42,5.4,24.8,31.0,11,2,1,14,52.61
890.000,19.21,3.8,23.9,29.9,10,2,2,14,57.56
891.000,20.17,6.1,22.0,32.3,12,1,2,15,68.27
892.000,16.87,5.3,17.5,27.8,12,1,2,15,68.49
893.000,17.19,4.6,16.4,30.5,11,2,2,15,69.35
894.000,17.55,4.3,14.2,34.2,11,3,1,15,68.60
895.000,15.80,4.2,18.0,25.2,12,3,1,16,69.18
896.000,13.10,3.9,14.6,20.7,11,3,1,15,57.97
897.000,11.88,3.8,11.8,20.0,11,3,2,16,48.42
898.000,13.68,4.8,9.9,26.3,12,2,2,16,54.20
899.000,13.49,4.2,15.7,20.6,12,3,2,17,53.38
900.000,14.79,4.1,14.0,26.3,11,4,1,16,56.01
901.000,11.75,4.8,11.5,19.0,12,3,2,17,108.48
902.000,10.33,5.4,7.6,18.0,12,2,3,17,47.58
903.000,11.83,5.1,8.8,21.6,12,2,4,18,47.46
904.000,12.12,5.0,10.3,21.1,11,3,3,17,46.90
905.000,11.58,5.4,14.6,14.7,12,4,1,17,50.70
906.000,13.54,5.3,12.5,22.9,12,4,3,19,51.30
907.000,12.29,4.6,12.2,20.1,12,3,3,18,62.85
908.000,11.21,4.3,9.5,19.8,12,4,3,19,61.83
909.000,12.97,4.5,11.1,23.3,12,4,3,19,64.68
910.000,11.66,4.8,9.0,21.1,12,4,3,19,56.41
911.000,10.19,4.3,7.9,18.3,11,5,2,18,61.75
912.000,9.55,4.6,8.5,15.5,11,6,2,19,70.91
913.000,9.21,4.4,7.5,15.8,12,4,3,19,72.75
914.000,10.55,4.6,6.2,20.8,12,5,3,20,97.91
915.000,10.81,4.0,5.5,23.0,11,5,4,20,85.10
916.000,9.02,4.6,2.8,19.7,12,4,4,20,75.48
917.000,9.42,5.1,6.6,16.6,12,6,2,20,75.48
918.000,9.31,5.1,6.8,16.1,11,7,2,20,67.47
919.000,9.97,4.9,6.0,19.0,12,7,2,21,69.94
920.000,8.77,4.5,4.6,17.2,11,7,3,21,69.23
921.000,8.19,5.1,4.1,15.5,11,7,3,21,73.24
922.000,7.24,6.2,2.6,12.9,12,6,4,22,74.70
923.000,8.83,5.7,3.1,17.6,11,7,4,22,77.91
924.000,7.66,5.7,1.2,16.0,12,6,4,22,78.79
925.000,7.35,5.9,1.5,14.6,11,7,4,22,79.74
926.000,8.40,6.4,3.4,15.4,11,8,4,23,79.92
927.000,7.22,6.3,2.7,12.6,10,8,4,22,90.84
928.000,6.48,6.9,2.2,10.4,10,8,5,23,100.59
929.000,6.18,6.2,2.2,10.1,10,7,6,23,102.65
930.000,6.77,6.5,3.6,10.2,10,8,6,24,116.08
931.000,6.65,6.2,3.7,10.0,9,9,5,23,119.39
932.000,7.11,7.2,2.9,11.2,10,8,6,24,131.99
933.000,6.64,8.0,4.1,7.8,9,9,5,23,120.41
934.000,6.21,8.9,2.9,6.9,10,8,6,24,118.61
935.000,5.75,9.2,2.3,5.8,9,8,6,23,90.49
936.000,7.17,9.1,3.7,8.7,10,8,7,25,92.78
937.000,6.71,9.4,3.4,7.4,9,8,7,24,82.43
938.000,6.16,9.0,4.3,5.1,8,8,7,23,93.59
939.000,7.03,8.8,5.1,7.2,10,8,7,25,95.91
940.000,7.16,8.7,5.2,7.6,9,8,7,24,86.27
941.000,7.34,8.9,5.8,7.3,10,8,7,25,60.95
942.000,7.42,7.6,6.5,8.2,10,7,8,25,203.71
943.000,6.88,8.2,5.3,7.2,11,6,8,25,179.95
944.000,6.58,7.0,8.8,3.9,11,6,7,24,183.39
945.000,7.20,6.8,7.6,7.1,12,5,9,26,173.74
946.000,7.13,6.6,8.8,5.9,11,6,8,25,165.95
947.000,6.93,6.4,7.0,7.4,12,6,8,26,160.28
948.000,6.46,6.6,4.5,8.3,11,6,9,26,168.91
949.000,6.03,6.4,5.0,6.7,11,7,8,26,170.51
950.000,6.06,6.3,4.1,7.7,11,7,8,26,174.00
951.000,5.56,6.1,3.1,7.5,11,7,8,26,178.93
952.000,5.48,5.1,4.6,6.7,11,7,8,26,175.58
953.000,5.48,4.9,5.7,5.8,11,8,7,26,177.54
954.000,5.38,4.7,5.5,6.0,10,8,8,26,180.62
955.000,5.47,5.5,5.3,5.5,11,7,8,26,171.30
956.000,5.23,5.4,6.1,4.1,11,8,6,25,171.41
957.000,5.01,6.0,6.4,2.6,11,9,5,25,161.51
958.000,5.15,6.3,5.8,3.4,11,8,5,24,149.54
959.000,5.10,6.2,6.0,3.1,12,8,4,24,149.38
960.000,4.93,6.3,5.4,3.1,12,7,4,23,152.51
961.000,4.95,6.6,4.7,3.5,12,7,4,23,122.25
962.000,4.70,6.2,3.6,4.2,12,7,3,22,154.23
963.000,4.63,6.4,3.2,4.3,12,7,3,22,151.51
964.000,3.90,6.0,2.2,3.5,12,6,3,21,149.52
965.000,3.56,5.4,1.9,3.4,12,6,3,21,148.53
966.000,3.10,4.5,2.2,2.6,12,6,2,20,136.84
967.000,3.09,4.3,1.9,3.0,12,6,2,20,127.49
968.000,3.23,4.1,1.6,4.0,11,6,2,19,114.74
969.000,3.02,4.7,1.9,2.5,11,6,2,19,100.20
970.000,2.56,4.7,1.7,1.3,11,7,1,19,106.75
971.000,2.52,4.8,1.5,1.3,10,7,1,18,99.09
972.000,2.63,5.5,1.5,0.9,10,7,1,18,101.32
973.000,2.72,5.6,1.1,1.5,9,7,1,17,104.35
974.000,2.93,5.8,1.4,1.6,10,6,1,17,93.89
975.000,3.48,6.1,1.0,3.3,9,6,1,16,82.47
976.000,14.32,6.9,1.0,35.0,9,7,0,16,85.28
977.000,14.48,7.4,1.0,35.0,8,7,0,15,72.11
978.000,14.79,8.4,1.0,35.0,8,7,0,15,63.50
979.000,14.75,8.2,1.0,35.0,8,6,0,14,54.57
980.000,15.04,8.9,1.2,35.0,8,6,0,14,46.04
981.000,15.38,9.1,2.1,35.0,7,6,0,13,37.38
982.000,15.40,9.0,2.2,35.0,8,5,0,13,28.38
983.000,15.91,9.4,3.3,35.0,7,5,0,12,20.19
984.000,16.15,9.5,3.9,35.0,8,4,0,12,10.99
985.000,16.75,10.1,5.2,35.0,7,4,0,11,0.00
986.000,16.76,9.6,5.7,35.0,8,3,0,11,0.00
987.000,17.33,9.8,7.2,35.0,7,3,0,10,0.00
988.000,17.49,10.0,7.4,35.0,8,2,0,10,0.00
989.000,17.67,10.1,7.9,35.0,7,2,0,9,0.00
990.000,17.86,9.6,8.9,35.0,8,1,0,9,0.00
991.000,18.24,9.7,10.0,35.0,7,1,0,8,0.00
992.000,26.51,9.5,35.0,35.0,8,0,0,8,0.00
993.000,26.49,9.5,35.0,35.0,7,0,0,7,0.00
994.000,26.40,9.2,35.0,35.0,7,0,0,7,0.00
995.000,26.44,9.3,35.0,35.0,6,0,0,6,0.00
996.000,26.55,9.7,35.0,35.0,6,0,0,6,0.00
997.000,26.53,9.6,35.0,35.0,5,0,0,5,0.00
998.000,26.36,9.1,35.0,35.0,5,0,0,5,0.00
999.000,26.37,9.1,35.0,35.0,4,0,0,4,0.00
1000.000,26.50,9.5,35.0,35.0,4,0,0,4,0.00
